question,generated_answer,ground_truth_answer,num_retrieved,recall@1,precision@1,recall@3,precision@3,recall@5,precision@5,recall@10,precision@10,mrr,rouge_l,exact_match,numeric_agreement,semantic_similarity,citation_precision,citation_recall,citation_f1,has_refusal,question_type,doc_name,answerable
What is the FY2018 capital expenditure amount (in USD millions) for 3M? Give a response to the question by relying on the details shown in the cash flow statement.,"The FY2018 capital expenditure amount for 3M is $1,577 million. [3M_2020_10K_c65]",$1577.00,5,0.0,0.0,0.0,0.0,0.0,0.0,0.0,0.0,0.0,0.0,0.0,1.0,0.21503809094429016,1.0,0.2,0.33333333333333337,False,metrics-generated,3M_2018_10K,True
Assume that you are a public equities analyst. Answer the following question by primarily using information that is shown in the balance sheet: what is the year end FY2018 net PPNE for 3M? Answer in USD billions.,"$12,840 million (or $12.84 billion)

[3M_2019_10K_c238]",$8.70,5,0.0,0.0,0.0,0.0,0.0,0.0,0.0,0.0,0.0,0.0,0.0,0.0,0.32470154762268066,1.0,0.2,0.33333333333333337,False,metrics-generated,3M_2018_10K,True
Is 3M a capital-intensive business based on FY2022 data?,Not enough information in the provided context.,"No, the company is managing its CAPEX and Fixed Assets pretty efficiently, which is evident from below key metrics:
CAPEX/Revenue Ratio: 5.1%
Fixed assets/Total Assets: 20%
Return on Assets= 12.4%",5,0.0,0.0,0.3333333333333333,0.3333333333333333,0.6666666666666666,0.4,0.6666666666666666,0.2,0.19444444444444442,0.04878048780487805,0.0,0.0,0.1113167256116867,0.0,0.2,0.0,True,domain-relevant,3M_2022_10K,True
"What drove operating margin change as of FY2022 for 3M? If operating margin is not a useful metric for a company like this, then please state that and explain why.",Not enough information in the provided context. The excerpts only contain financial data and analysis for fiscal years 2014 through 2020; there is no information regarding FY2022 operating margins or the drivers of their change.,"Operating Margin for 3M in FY2022 has decreased by 1.7% primarily due to: 
-Decrease in gross Margin
-mostly one-off charges including Combat Arms Earplugs litigation, impairment related to exiting PFAS manufacturing, costs related to exiting Russia and divestiture-related restructuring
charges",5,0.0,0.0,0.0,0.0,0.0,0.0,0.0,0.0,0.0,0.07692307692307693,0.0,0.0,0.6781201362609863,0.0,0.4,0.0,True,domain-relevant,3M_2022_10K,True
"If we exclude the impact of M&A, which segment has dragged down 3M's overall growth in 2022?",Not enough information in the provided context.,The consumer segment shrunk by 0.9% organically.,5,1.0,1.0,1.0,1.0,1.0,1.0,1.0,0.5,1.0,0.13333333333333333,0.0,0.0,0.11935791373252869,0.0,0.0,0.0,True,novel-generated,3M_2022_10K,True
"Does 3M have a reasonably healthy liquidity profile based on its quick ratio for Q2 of FY2023? If the quick ratio is not relevant to measure liquidity, please state that and explain why.","Not enough information in the provided context. The excerpts do not contain financial data for Q2 of FY2023, nor do they provide a quick ratio or explicitly state that the quick ratio is irrelevant to measuring liquidity.","No. The quick ratio for 3M was 0.96 by Jun'23 close, which needs a bit of an improvement to touch the 1x mark",5,0.0,0.0,0.0,0.0,0.0,0.0,0.0,0.0,0.0,0.12903225806451613,0.0,0.0,0.36919689178466797,0.0,0.4,0.0,True,domain-relevant,3M_2023Q2_10Q,True
Which debt securities are registered to trade on a national securities exchange under 3M's name as of Q2 of 2023?,Not enough information in the provided context.,"Following debt securities registered under 3M's name are listed to trade on the New York Stock Exchange:
-1.500% Notes due 2026 (Trading Symbol: MMM26)
-1.750% Notes due 2030 (Trading Symbol: MMM30)
-1.500% Notes due 2031 (Trading Symbol: MMM31)",5,0.0,0.0,0.0,0.0,0.0,0.0,0.0,0.0,0.0,0.04081632653061224,0.0,0.0,0.07395800948143005,0.0,0.0,0.0,True,domain-relevant,3M_2023Q2_10Q,True
Does 3M maintain a stable trend of dividend distribution?,"Yes, 3M maintains a stable trend of dividend distribution.
[3M_2017_10K_c42] This marked the 60th consecutive year of dividend increases for 3M.
[3M_2018_10K_c92] In February 2017, 3M's Board of Directors declared a first-quarter 2017 dividend... which marked the 59th consecutive year of dividend increases for 3M.
[3M_2020_10K_c84] This is equivalent to an annual dividend of $5.92 per share and marked the 63rd consecutive year of dividend increases.","Yes, not only they distribute the dividends on a routine basis, 3M has also been increasing the per share dividend for consecutive 65 years",5,0.0,0.0,1.0,0.3333333333333333,1.0,0.6,1.0,0.3,0.5,0.196078431372549,0.0,0.0,0.8065522909164429,1.0,0.2,0.33333333333333337,False,novel-generated,3M_2023Q2_10Q,True
What is the quantity of restructuring costs directly outlined in AES Corporation's income statements for FY2022? If restructuring costs are not explicitly outlined then state 0.,0 [AES_2022_10K_c367],0,5,0.0,0.0,0.0,0.0,0.0,0.0,0.0,0.0,0.0,0.33333333333333337,0.0,1.0,0.5263420343399048,1.0,0.0,0.0,False,domain-relevant,AES_2022_10K,True
Roughly how many times has AES Corporation sold its inventory in FY2022? Calculate inventory turnover ratio for the FY2022; if conventional inventory management is not meaningful for the company then state that and explain why.,"Not enough information in the provided context.

The excerpts do not contain data on inventory, cost of goods sold (COGS), or any metrics required to calculate an inventory turnover ratio for AES Corporation. The financial statements focus on regulated and non-regulated utility operations, debt, equity, and impairment expenses rather than retail or manufacturing inventory management.",AES has converted inventory 9.5 times in FY 2022.,5,0.0,0.0,0.0,0.0,0.5,0.2,0.5,0.1,0.1,0.06060606060606061,0.0,0.0,0.47088623046875,0.0,0.6,0.0,True,domain-relevant,AES_2022_10K,True
"Based on the information provided primarily in the statement of financial position and the statement of income, what is AES's FY2022 return on assets (ROA)? ROA is defined as: FY2022 net income / (average total assets between FY2021 and FY2022). Round your answer to two decimal places.",Not enough information in the provided context.,-0.02,5,0.0,0.0,0.0,0.0,0.0,0.0,0.0,0.0,0.0,0.0,0.0,0.0,0.05451372265815735,0.0,0.0,0.0,True,metrics-generated,AES_2022_10K,True
What is Amazon's FY2017 days payable outstanding (DPO)? DPO is defined as: 365 * (average accounts payable between FY2016 and FY2017) / (FY2017 COGS + change in inventory between FY2016 and FY2017). Round your answer to two decimal places. Address the question by using the line items and information shown within the balance sheet and the P&L statement.,Not enough information in the provided context.,93.86,5,0.5,1.0,0.5,0.6666666666666666,1.0,0.6,1.0,0.3,0.625,0.0,0.0,0.0,0.12856259942054749,0.0,0.0,0.0,True,metrics-generated,AMAZON_2017_10K,True
What is Amazon's year-over-year change in revenue from FY2016 to FY2017 (in units of percents and round to one decimal place)? Calculate what was asked by utilizing the line items clearly shown in the statement of income.,"Revenue increased by 30.4% from FY2016 to FY2017.
[AMAZON_2017_10K_c116]",30.8%,5,1.0,1.0,1.0,0.6666666666666666,1.0,0.8,1.0,0.4,1.0,0.13333333333333336,0.0,0.0,0.367804616689682,1.0,0.0,0.0,False,metrics-generated,AMAZON_2017_10K,True
"By drawing conclusions from the information stated only in the income statement, what is Amazon's FY2019 net income attributable to shareholders (in USD millions)?","Amazon's FY2019 net income attributable to shareholders was $11,588 million.
[AMAZON_2021_10K_c59]",$11588.00,5,1.0,1.0,1.0,1.0,1.0,0.6,1.0,0.3,1.0,0.0,0.0,1.0,0.32978782057762146,1.0,0.0,0.0,False,metrics-generated,AMAZON_2019_10K,True
What is Amcor's year end FY2020 net AR (in USD millions)? Address the question by adopting the perspective of a financial analyst who can only use the details shown within the balance sheet.,Not enough information in the provided context.,$1616.00,5,0.0,0.0,0.0,0.0,0.0,0.0,0.0,0.0,0.0,0.0,0.0,0.0,0.07370336353778839,0.0,0.0,0.0,True,metrics-generated,AMCOR_2020_10K,True
What was the key agenda of the AMCOR's 8k filing dated 1st July 2022?,"The key agenda of the AMCOR 8-K filing dated July 1, 2022, was to report other events, specifically that on June 30, 2022, Amcor Finance [AMCOR_2022_8K_dated-2022-07-01_c0].","Amcor Finance (USA), Inc. and Amcor Flexibles North America, Inc., entered into supplemental indentures relating to Guaranteed Senior Notes due 2026 and 2028. This involved the substitution of the Substitute Issuer (Amcor Flexibles North America) for the Former Issuer (Amcor Finance) and the assumption of covenants under the indentures. (In essence a novation agreement)",5,0.0,0.0,0.0,0.0,0.0,0.0,0.0,0.0,0.0,0.13636363636363638,0.0,,0.49460601806640625,1.0,0.6,0.7499999999999999,False,novel-generated,AMCOR_2022_8K_dated-2022-07-01,True
"Has AMCOR's quick ratio improved or declined between FY2023 and FY2022? If the quick ratio is not something that a financial analyst would ask about a company like this, then state that and explain why.","Not enough information in the provided context. The excerpts contain data on net sales, net income, operating expenses, and cash requirements, but they do not provide the specific asset or liability figures (such as current assets, inventory levels, or current liabilities) required to calculate the quick ratio. Additionally, while Amcor is a packaging company that may hold significant inventory, the provided text does not explicitly state whether its inventory constitutes a material portion of its current assets, which would be necessary for an analyst to determine if the quick ratio is a relevant metric for this specific business model based on the available data.",The quick ratio has slightly improved from 0.67 times to 0.69 times between FY 2023 and FY 2022.(3.4% jump),5,0.0,0.0,0.0,0.0,0.0,0.0,0.0,0.0,0.0,0.06299212598425197,0.0,0.0,0.37415632605552673,0.0,0.0,0.0,True,domain-relevant,AMCOR_2023_10K,True
"What are major acquisitions that AMCOR has done in FY2023, FY2022 and FY2021?","Based on the provided excerpts, AMCOR made the following major acquisitions:

*   **FY2023 (Fiscal Year Ending June 30, 2023):**
    *   A medical device packaging company based in Shanghai, China (announced January 16, 2023), generating approximately $50 million in annual sales [AMCOR_2023Q2_10Q_c32].
    *   A small manufacturer of flexible packaging for food, home care and personal care applications in India (signed August 10, 2023) [AMCOR_2023_10K_c144].

*   **FY2022:**
    *   The acquisition of Bemis Company, Inc. is listed in the Consolidated Statements of Equity for the period ending June 30, 2019, but no specific acquisition details for FY2022 are provided in the excerpts [AMCOR_2021_10K_c78].

*   **FY2021:**
    *   No major acquisitions are mentioned in the provided excerpts for the fiscal year ending June 30","Amcor completed these acquisitions during FY2023:
-100% equity interest of a flexibles manufacturing company in the Czech Republic
- 100% equity interest in a medical device packaging manufacturing site in
Shanghai, China.
-acquisition of a New Zealand-based leading manufacturer of state-of-the-art, automated protein
packaging machines.",5,0.0,0.0,0.0,0.0,0.0,0.0,0.0,0.0,0.0,0.17751479289940827,0.0,0.0,0.7207275032997131,1.0,0.2,0.33333333333333337,False,domain-relevant,AMCOR_2023_10K,True
What industry does AMCOR primarily operate in?,"AMCOR primarily operates in the packaging industry, specifically developing and producing responsible packaging for food, beverage, pharmaceutical, medical, home and personal-care, and other consumer goods end markets. [AMCOR_2022_10K_c79]",Amcor is a global leader in packaging production for various use cases.,5,1.0,1.0,1.0,1.0,1.0,1.0,1.0,0.5,1.0,0.18181818181818182,0.0,,0.856732189655304,1.0,0.2,0.33333333333333337,False,domain-relevant,AMCOR_2023_10K,True
"Does AMCOR have an improving gross margin profile as of FY2023? If gross margin is not a useful metric for a company like this, then state that and explain why.","Based on the provided excerpts, it is not possible to determine if AMCOR has an improving gross margin profile as of FY2023.

The documents provide GAAP Net Income and Adjusted EBIT figures for fiscal 2023 (e.g., GAAP Net Income of $1,048 million; Adjusted EBIT of $1,608 million) [AMCOR_2023Q4_EARNINGS_c0], but they do not disclose the specific Gross Profit or Gross Margin percentage for fiscal 2023. While FY2021 data shows an Operating Income margin of 10.3% and a Flexibles segment Adjusted EBIT margin of 14.2%, there is no corresponding gross margin data provided for FY2023 to allow for a comparison or assessment of the trend [AMCOR_2021_10K_c44].",No. For AMCOR there has been a slight decline in gross margins by 0.8%.,5,0.0,0.0,1.0,0.3333333333333333,1.0,0.2,1.0,0.1,0.5,0.07692307692307691,0.0,0.0,0.6303224563598633,1.0,0.4,0.5714285714285715,False,domain-relevant,AMCOR_2023_10K,True
What is the nature & purpose of AMCOR's restructuring liability as oF Q2 of FY2023 close?,Not enough information in the provided context.,87% of the total restructuring liability is related Employee liabilities.,5,0.0,0.0,0.0,0.0,1.0,0.2,1.0,0.1,0.2,0.11764705882352941,0.0,0.0,0.19438330829143524,0.0,0.0,0.0,True,novel-generated,AMCOR_2023Q2_10Q,True
What Was AMCOR's Adjusted Non GAAP EBITDA for FY 2023,"AMCOR's Adjusted Non-GAAP EBITDA for FY 2023 was $2,018 million.
[AMCOR_2023Q4_EARNINGS_c1]","AMCOR's Adj. EBITDA was $2,018mn in FY 2023",5,0.0,0.0,1.0,0.3333333333333333,1.0,0.2,1.0,0.1,0.5,0.37037037037037035,0.0,,0.8306427597999573,1.0,0.0,0.0,False,novel-generated,AMCOR_2023Q4_EARNINGS,True
"How much was the Real change in Sales for AMCOR in FY 2023 vs FY 2022, if we exclude the impact of FX movement, passthrough costs and one-off items?","For the Flexibles Segment in fiscal year 2023, excluding negative currency impacts of $41 million and the negative impact of disposed and ceased operations of $63 million, the remaining variation in net sales was an increase of $98 million. [AMCOR_2023_10K_c48]",The Real Growth was flat in FY 2023 vs FY 2022.,5,0.0,0.0,0.0,0.0,1.0,0.2,1.0,0.1,0.25,0.11111111111111109,0.0,,0.34898048639297485,1.0,0.6,0.7499999999999999,False,novel-generated,AMCOR_2023Q4_EARNINGS,True
"Does AMD have a reasonably healthy liquidity profile based on its quick ratio for FY22? If the quick ratio is not relevant to measure liquidity, please state that and explain why.","AMD does not provide a quick ratio in the provided excerpts. The Consolidated Balance Sheets for December 31, 2022 (FY22) list Current Assets ($15,019 million), Cash and cash equivalents ($4,835 million), Short-term investments ($1,020 million), Accounts receivable, net ($4,126 million), Inventories ($3,771 million), Prepaid expenses and other current assets ($1,265 million), Current Liabilities ($6,369 million), and Long-term debt, net of current portion ($2,467 million). However, the quick ratio specifically excludes inventories and prepaid expenses from current assets. Since the excerpts do not explicitly calculate or state the quick ratio, this specific metric cannot be determined from the provided text alone.

Not enough information in the provided context.","Yes. The quick ratio is 1.57, calculated as (cash and cash equivalents+Short term investments+Accounts receivable, net+receivables from related parties)/ (current liabilities).",5,0.0,0.0,0.0,0.0,1.0,0.2,1.0,0.1,0.2,0.19718309859154928,0.0,0.0,0.733006477355957,0.0,0.2,0.0,True,domain-relevant,AMD_2022_10K,True
What are the major products and services that AMD sells as of FY22?,"As of FY22, AMD sells the following major products and services:
*   Server microprocessors (CPUs) and graphics processing units (GPUs), data processing units (DPUs), Field Programmable Gate Arrays (FPGAs), and Adaptive System-on-Chip (SoC) products for data centers.
*   CPUs, accelerated processing units (APUs) that integrate CPUs and GPUs, and chipsets for desktop and notebook personal computers.
*   Discrete GPUs, semi-custom SoC products, development services, embedded CPUs, GPUs, APUs, FPGAs, and Adaptive SoC products.
*   Microprocessor and SoC development services and technology.
*   Portions of its intellectual property (IP) portfolio which may be sold or licensed.

[AMD_2022_10K_c4]","AMD sells server microprocessors (CPUs) and graphics processing units (GPUs), data processing units (DPUs), Field Programmable Gate Arrays (FPGAs), and Adaptive System-on-Chip (SoC) products for data centers; CPUs, accelerated processing units (APUs) that integrate CPUs and GPUs, and chipsets for desktop and notebook personal computers; discrete GPUs, and semi-custom SoC products and development services; and embedded CPUs, GPUs, APUs, FPGAs, and Adaptive SoC products.",5,1.0,1.0,1.0,0.6666666666666666,1.0,0.4,1.0,0.2,1.0,0.7804878048780488,0.0,,0.9029390215873718,1.0,0.4,0.5714285714285715,False,domain-relevant,AMD_2022_10K,True
What drove revenue change as of the FY22 for AMD?,"The increase in net revenue for FY22 was driven by a 64% increase in Data Center segment revenue due to higher sales of EPYC™ server processors, a 21% increase in Gaming segment revenue due to higher semi-custom product sales, and a significant increase in Embedded segment revenue from the prior year period driven by the inclusion of Xilinx embedded product sales. This growth was partially offset by a 10% decrease in Client segment revenue primarily due to lower processor shipments driven by a weak PC market and significant inventory correction actions across the PC supply chain [AMD_2022_10K_c76].","In 2022, AMD reported Higher sales of their EPYC server processors, higher semi-custom product sales, and the inclusion of Xilinx embedded product sales",5,0.0,0.0,0.0,0.0,1.0,0.2,1.0,0.1,0.2,0.32,0.0,,0.7444837093353271,1.0,0.2,0.33333333333333337,False,domain-relevant,AMD_2022_10K,True
"What drove operating margin change as of the FY22 for AMD? If operating margin is not a useful metric for a company like this, then please state that and explain why.",Not enough information in the provided context.,The decrease in AMD's operating income was primarily driven by amortization of intangible assets associated with the Xilinx acquisition,5,0.0,0.0,0.0,0.0,0.0,0.0,0.0,0.0,0.0,0.14814814814814817,0.0,,0.1186714842915535,0.0,0.2,0.0,True,domain-relevant,AMD_2022_10K,True
"Among operations, investing, and financing activities, which brought in the most (or lost the least) cash flow for AMD in FY22?","Operating activities brought in the most cash flow for AMD in FY22 at $3,565 million [AMD_2022_10K_c99].","In 2022, AMD brought in the most cashflow from Operations",5,1.0,1.0,1.0,0.3333333333333333,1.0,0.4,1.0,0.2,1.0,0.26666666666666666,0.0,,0.7755182385444641,1.0,0.6,0.7499999999999999,False,domain-relevant,AMD_2022_10K,True
"From FY21 to FY22, excluding Embedded, in which AMD reporting segment did sales proportionally increase the most?",Data Center,Data Center,5,1.0,1.0,1.0,0.6666666666666666,1.0,0.8,1.0,0.4,1.0,1.0,1.0,,1.0000001192092896,0.0,0.2,0.0,False,novel-generated,AMD_2022_10K,True
Did AMD report customer concentration in FY22?,"Yes, AMD reported that a small number of customers will continue to account for a substantial part of its revenue in the future. [AMD_2022_10K_c4]","Yes, one customer accounted for 16% of consolidated net revenue",5,0.0,0.0,1.0,0.3333333333333333,1.0,0.2,1.0,0.1,0.5,0.32432432432432434,0.0,0.0,0.5176687836647034,1.0,0.6,0.7499999999999999,False,novel-generated,AMD_2022_10K,True
Which debt securities are registered to trade on a national securities exchange under American Express' name as of 2022?,Not enough information in the provided context.,There are none,5,0.0,0.0,1.0,0.3333333333333333,1.0,0.2,1.0,0.1,0.3333333333333333,0.0,0.0,,0.13309000432491302,0.0,0.0,0.0,True,domain-relevant,AMERICANEXPRESS_2022_10K,True
What are the geographies that American Express primarily operates in as of 2022?,"As of December 31, 2022, American Express primarily operates in the United States and outside the United States (international). Jurisdictions representing a significant portion of billed business outside the United States include the United Kingdom (UK), the European Union (EU), Australia, Japan, Canada, and Mexico. [AMERICANEXPRESS_2022_10K_c6]","United States, EMEA, APAC, and LACC",5,0.0,0.0,1.0,0.3333333333333333,1.0,0.2,1.0,0.1,0.5,0.1090909090909091,0.0,,0.3523678481578827,1.0,0.0,0.0,False,domain-relevant,AMERICANEXPRESS_2022_10K,True
"Does AMEX have an improving operating margin profile as of 2022? If operating margin is not a useful metric for a company like this, then state that and explain why.","AMEX does not have an improving operating margin profile as of 2022; in fact, its pretax income decreased by $1.1 billion from 2021 to 2022 [AMERICANEXPRESS_2022_10K_c78]. Operating margin is a useful metric for AMEX because the excerpts provide Total revenues net of interest expense and Expenses, which are necessary components to calculate it (Operating Margin = (Total Revenues Net of Interest Expense - Expenses) / Total Revenues Net of Interest Expense). In 2021, this resulted in a pretax income of $10.689 billion on $42.380 billion in revenue net of interest expense, whereas in 2022, it dropped to $9.585 billion on $52.862 billion [AMERICANEXPRESS_2022_10K_c78].",Performance is not measured through operating margin,5,0.0,0.0,0.0,0.0,0.0,0.0,0.0,0.0,0.0,0.05084745762711865,0.0,,0.46922677755355835,1.0,0.2,0.33333333333333337,False,domain-relevant,AMERICANEXPRESS_2022_10K,True
"What drove gross margin change as of the FY2022 for American Express? If gross margin is not a useful metric for a company like this, then please state that and explain why.","Gross margin is not a useful metric for American Express because the excerpts do not provide data on gross profit or cost of revenue, and the company's primary costs (such as customer engagement, marketing, rewards, and salaries) are reported separately from operating expenses rather than being deducted directly to arrive at a traditional ""gross"" figure. The available excerpts detail total revenues net of interest expense ($52,862 million in 2022), but do not isolate the cost of revenue or provide a gross margin percentage.

Answer: Not enough information in the provided context.",Performance is not measured through gross margin,5,0.0,0.0,1.0,0.3333333333333333,1.0,0.4,1.0,0.2,0.5,0.08000000000000002,0.0,,0.6059775352478027,0.0,0.4,0.0,True,domain-relevant,AMERICANEXPRESS_2022_10K,True
How much has the effective tax rate of American Express changed between FY2021 and FY2022?,"The effective tax rate increased from 24.6% in FY2021 to 21.6% in FY2022, a decrease of 3.0 percentage points [AMERICANEXPRESS_2022_10K_c87].",The effective tax rate for American Express has changed/dropped from 24.6% in FY 2021 to 21.6% in FY 2022.,5,0.0,0.0,1.0,0.3333333333333333,1.0,0.2,1.0,0.1,0.5,0.5416666666666667,0.0,1.0,0.7676526308059692,1.0,0.2,0.33333333333333337,False,domain-relevant,AMERICANEXPRESS_2022_10K,True
What was the largest liability in American Express's Balance Sheet in 2022?,"Based on the provided excerpts, the largest liability in American Express's Balance Sheet for 2022 was Long-term debt at $42.573 billion (or $43 billion as rounded in another table).

[AMERICANEXPRESS_2022_10K_c79]
Long-term debt $ 42,573 ...
[AMERICANEXPRESS_2022_10K_c216]
Long-term debt(c) $ 43",Customer deposits,5,0.0,0.0,0.0,0.0,0.0,0.0,0.0,0.0,0.0,0.0,0.0,,0.21743422746658325,1.0,0.6,0.7499999999999999,False,novel-generated,AMERICANEXPRESS_2022_10K,True
Was American Express able to retain card members during 2022?,Not enough information in the provided context.,Yes,5,0.0,0.0,0.0,0.0,0.0,0.0,0.0,0.0,0.0,0.0,0.0,,0.04950323700904846,0.0,0.0,0.0,True,novel-generated,AMERICANEXPRESS_2022_10K,True
How much (in USD billions) did American Water Works pay out in cash dividends for FY2020? Compute or extract the answer by primarily using the details outlined in the statement of cash flows.,"$0.362 billion

[AMERICANWATERWORKS_2020_10K_c162]",$0.40,5,0.0,0.0,0.0,0.0,1.0,0.2,1.0,0.1,0.2,0.22222222222222224,0.0,0.0,0.3952728509902954,1.0,0.2,0.33333333333333337,False,metrics-generated,AMERICANWATERWORKS_2020_10K,True
"Basing your judgments off of the cash flow statement and the income statement, what is American Water Works's FY2021 unadjusted operating income + depreciation and amortization from the cash flow statement (unadjusted EBITDA) in USD millions?","$1,899 million [AMERICANWATERWORKS_2021_10K_c164]",$1832.00,5,1.0,1.0,1.0,1.0,1.0,1.0,1.0,0.5,1.0,0.0,0.0,0.0,0.37333014607429504,1.0,0.2,0.33333333333333337,False,metrics-generated,AMERICANWATERWORKS_2021_10K,True
"Does American Water Works have positive working capital based on FY2022 data? If working capital is not a useful or relevant metric for this company, then please state that and explain why.","Based on the provided excerpts, American Water Works does not have positive working capital based on FY2022 data.

Working capital is calculated as Current Assets minus Current Liabilities.
*   **Current Assets (FY2022):** $1,554 million [AMERICANWATERWORKS_2022_10K_c161]
*   **Current Liabilities (FY2022):** $2,811 million [AMERICANWATERWORKS_2022_10K_c158]

Calculation: $1,554 million - $2,811 million = -$1,257 million.

The company has negative working capital because its current liabilities significantly exceed its current assets. This is common for regulated utility companies like American Water Works due to the nature of their business model, which often involves deferring certain costs (such as construction advances and regulatory liabilities) into long-term obligations while maintaining significant cash reserves for rate regulation purposes rather than short-term liquidity management.","No, American Water Works had negative working capital of -$1561M in FY 2022.",5,0.0,0.0,1.0,0.6666666666666666,1.0,0.6,1.0,0.3,0.5,0.10218978102189782,0.0,,0.767532229423523,0.5,0.4,0.4444444444444445,False,domain-relevant,AMERICANWATERWORKS_2022_10K,True
"In agreement with the information outlined in the income statement, what is the FY2015 - FY2017 3 year average net profit margin (as a %) for Best Buy? Answer in units of percents and round to one decimal place.","The FY2015-FY2017 3-year average net profit margin for Best Buy is 4.6%.

[BESTBUY_2017_10K_c36]
[BESTBUY_2016_10K_c38]
[BESTBUY_2015_10K_c35]",2.8%,5,0.0,0.0,0.0,0.0,0.0,0.0,0.0,0.0,0.0,0.0,0.0,0.0,0.26974374055862427,1.0,0.2,0.33333333333333337,False,metrics-generated,BESTBUY_2017_10K,True
What is the year end FY2019 total amount of inventories for Best Buy? Answer in USD millions. Base your judgments on the information provided primarily in the balance sheet.,"32,918 [BESTBUY_2019_10K_c87]",$5409.00,5,0.0,0.0,0.0,0.0,0.0,0.0,0.0,0.0,0.0,0.0,0.0,0.0,0.2030102014541626,1.0,0.0,0.0,False,metrics-generated,BESTBUY_2019_10K,True
"Are Best Buy's gross margins historically consistent (not fluctuating more than roughly 2% each year)? If gross margins are not a relevant metric for a company like this, then please state that and explain why.","No, Best Buy's gross margins are not historically consistent; they fluctuated by more than 2% in several consecutive years.

*   From Fiscal Year 2014 to 2015, the gross profit rate decreased from 25.0% to 23.6%, a change of 1.4%.
*   From Fiscal Year 2015 to 2016, it increased from 23.6% to 24.5%, a change of 0.9%.
*   From Fiscal Year 2016 to 2017, it decreased from 24.5% to 23.6%, a change of 0.9%.
*   From Fiscal Year 2017 to 2018, it increased from 23.6% to 23.3%, a change of 0.3%.
*   From Fiscal Year 2014 to 2015, the gross profit rate decreased by 1.4 percentage points (from 25.0% to 23.6%).
*   From Fiscal Year 2015 to 2","Yes, the margins have been consistent, there has been a minor decline of 1.1% in gross margins between FY2022 and FY2023.",5,0.0,0.0,0.0,0.0,0.0,0.0,0.0,0.0,0.0,0.08053691275167785,0.0,0.0,0.5352683067321777,0.0,0.4,0.0,False,domain-relevant,BESTBUY_2023_10K,True
"What are major acquisitions that Best Buy has done in FY2023, FY2022 and FY2021?","Based on the provided excerpts, Best Buy made the following major acquisitions in the specified fiscal years:

*   **Fiscal 2023:** Acquired all outstanding shares of Current Health Ltd. (""Current Health"") and Two Peaks, LLC d/b/a Yardbird Furniture (""Yardbird""). [BESTBUY_2023_10K_c80]
*   **Fiscal 2022:** No major acquisitions are explicitly listed in the provided text for fiscal 2022. The text mentions an incremental share repurchase of $239 million but does not list a business acquisition. [BESTBUY_2022_10K_c46]
*   **Fiscal 2021:** No major acquisitions are explicitly listed in the provided text for fiscal 2021. The text notes that on November 2, 2021 (which falls within fiscal 2022), Best Buy acquired Current Health Ltd., but does not list an acquisition occurring specifically during fiscal 2021 operations. [BESTBUY_2022_10K_c49]

*Note: The excerpts also mention acquisitions in prior years: Critical Signal Technologies","Best Buy closed two acquisitions, both these companies were already partially owned by Best Buy, but Best Buy acquired all outstanding shares of these two companies during FY 2022: (1) Current Health Ltd and (2) Two Peaks, LLC d/b/a Yardbird Furniture",5,0.0,0.0,0.0,0.0,0.0,0.0,0.0,0.0,0.0,0.2173913043478261,0.0,0.0,0.7997496724128723,1.0,0.6,0.7499999999999999,False,domain-relevant,BESTBUY_2023_10K,True
"Among operations, investing, and financing activities, which brought in the most (or lost the least) cash flow for Best Buy in FY2023?",Not enough information in the provided context.,Best Buy generated the most cash flow from operating activities in FY 2023 ($1.8 bn),5,0.0,0.0,0.0,0.0,0.0,0.0,0.0,0.0,0.0,0.08695652173913043,0.0,0.0,0.0743267834186554,0.0,0.0,0.0,True,domain-relevant,BESTBUY_2023_10K,True
Was there any drop in Cash & Cash equivalents between FY 2023 and Q2 of FY2024?,Not enough information in the provided context.,"Yes, there was a decline of ~42% between FY2023 and Q2 of FY 2024.",5,0.0,0.0,0.0,0.0,0.0,0.0,0.0,0.0,0.0,0.0,0.0,0.0,0.13695910573005676,0.0,0.2,0.0,True,novel-generated,BESTBUY_2024Q2_10Q,True
Was there any change in the number of Best Buy stores between Q2 of FY2024 and FY2023?,"Yes, the number of Best Buy stores changed. In Q2 of FY2024, there was 1 store opened and 1 closed (net change: -1). In Q2 of FY2023, there were 7 stores opened and 2 closed (net change: +5) [BESTBUY_2024Q2_10Q_c26].","Yes, there is decline in number stores by 1.32% from 982 stores in Q2 FY 2023 to 969 by the end of Q2 FY2024.",5,1.0,1.0,1.0,1.0,1.0,0.6,1.0,0.3,1.0,0.2388059701492537,0.0,0.0,0.6374465227127075,1.0,0.4,0.5714285714285715,False,novel-generated,BESTBUY_2024Q2_10Q,True
Which Best Buy product category performed the best (by top line) in the domestic (USA) Market during Q2 of FY2024?,Computing and Mobile Phones performed the best in the domestic (USA) market during Q2 of FY2024 with a 41% revenue mix. [BESTBUY_2024Q2_10Q_c26],"The entertainment segment experienced the highest growth of 9% during Q2 FY2024, primarily from gaming division.",5,1.0,1.0,1.0,0.6666666666666666,1.0,0.6,1.0,0.3,1.0,0.24390243902439027,0.0,0.0,0.6523825526237488,1.0,0.2,0.33333333333333337,False,novel-generated,BESTBUY_2024Q2_10Q,True
"Considering the data in the balance sheet, what is Block's (formerly known as Square) FY2016 working capital ratio? Define working capital ratio as total current assets divided by total current liabilities. Round your answer to two decimal places.",Not enough information in the provided context.,1.73,5,0.0,0.0,0.0,0.0,0.0,0.0,0.0,0.0,0.0,0.0,0.0,0.0,0.011279810220003128,0.0,0.0,0.0,True,metrics-generated,BLOCK_2016_10K,True
What is the FY2019 - FY2020 total revenue growth rate for Block (formerly known as Square)? Answer in units of percents and round to one decimal place. Approach the question asked by assuming the standpoint of an investment banking analyst who only has access to the statement of income.,"The total revenue growth rate from FY2019 to FY2020 was 136.5%.

[BLOCK_2020_10K_c146]",101.5%,5,0.0,0.0,0.0,0.0,0.0,0.0,0.0,0.0,0.0,0.1111111111111111,0.0,0.0,0.2611594498157501,1.0,0.2,0.33333333333333337,False,metrics-generated,BLOCK_2020_10K,True
"Using the cash flow statement, answer the following question to the best of your abilities: how much did Block (formerly known as Square) generate in cash flow from operating activities in FY2020? Answer in USD millions.",$173.1 million [BLOCK_2021_10K_c153],$382.00,5,0.0,0.0,0.0,0.0,0.0,0.0,0.0,0.0,0.0,0.0,0.0,0.0,0.4251585602760315,0.0,0.2,0.0,False,metrics-generated,BLOCK_2020_10K,True
"We need to calculate a financial metric by using information only provided within the balance sheet. Please answer the following question: what is Boeing's year end FY2018 net property, plant, and equipment (in USD millions)?","Boeing's year-end FY2018 net property, plant, and equipment was $9,313 million.
[BOEING_2015_10K_c27]",$12645.00,5,1.0,1.0,1.0,0.6666666666666666,1.0,0.6,1.0,0.3,1.0,0.0,0.0,0.0,0.36605924367904663,1.0,0.4,0.5714285714285715,False,metrics-generated,BOEING_2018_10K,True
Are there any product categories / service categories that represent more than 20% of Boeing's revenue for FY2022?,"Yes. In FY2022, the Commercial Airplanes segment represented approximately 38.8% of total revenues ($25,867 million out of $66,608 million), and the Defense, Space & Security segment represented approximately 34.8% ($23,162 million out of $66,608 million). Both categories exceed 20%. [BOEING_2022_10K_c34]","Yes. Boeing has product and service categories that represent more than 20% of Boeing's revenue for FY2022. These categories are Commercial Airplanes which comprises 39% of total revenue, Defence which comprises 35% of total revenue and Services which comprises 26% of total revenue.",5,0.0,0.0,1.0,0.6666666666666666,1.0,0.8,1.0,0.4,0.5,0.21739130434782608,0.0,1.0,0.8466360569000244,1.0,0.2,0.33333333333333337,False,domain-relevant,BOEING_2022_10K,True
Has Boeing reported any materially important ongoing legal battles from FY2022?,Not enough information in the provided context.,Yes. Multiple lawsuits have been filed against Boeing resulting from a 2018 Lion Air crash and a 2019 Ethiopian Airlines crash.,5,0.0,0.0,0.0,0.0,0.0,0.0,0.0,0.0,0.0,0.0,0.0,,0.11814337968826294,0.0,0.0,0.0,True,domain-relevant,BOEING_2022_10K,True
"Does Boeing have an improving gross margin profile as of FY2022? If gross margin is not a useful metric for a company like this, then state that and explain why.","Boeing does not report a gross margin profile in the provided excerpts. The financial statements present ""Loss from operations"" and ""Operating margins,"" but do not disclose ""Cost of products"" or ""Cost of services"" as separate line items required to calculate gross margin, nor is there a stated gross margin percentage for any year.

[BOEING_2021_10K_c41]
[BOEING_2022_10K_c78]","Yes. Boeing has an improving gross margin profile as of FY2022. Gross profit improved from $3,017 million in FY2021 to $3,502 million in FY2022. Gross margin % improved from 4.8% in FY2021 to 5.3% in FY2022.",5,1.0,1.0,1.0,1.0,1.0,1.0,1.0,0.5,1.0,0.16,0.0,0.0,0.6855506300926208,1.0,0.2,0.33333333333333337,False,domain-relevant,BOEING_2022_10K,True
Who are the primary customers of Boeing as of FY2022?,Not enough information in the provided context.,Boeing's primary customers as of FY2022 are a limited number of commercial airlines and the US government. The US government accounted for 40% of Boeing's total revenues in FY2022.,5,0.0,0.0,0.3333333333333333,0.3333333333333333,0.6666666666666666,0.6,0.6666666666666666,0.3,0.2333333333333333,0.052631578947368425,0.0,0.0,0.10485368221998215,0.0,0.0,0.0,True,domain-relevant,BOEING_2022_10K,True
Is Boeing's business subject to cyclicality?,"Yes, Boeing's commercial aircraft business is subject to cyclicality. [BOEING_2017_10K_c10]","Yes, Boeing's business is subject to cyclicality due to its exposure to the airline industry which is a cyclical industry.",5,0.0,0.0,0.0,0.0,1.0,0.2,1.0,0.1,0.2,0.4571428571428571,0.0,,0.9413596391677856,1.0,0.2,0.33333333333333337,False,novel-generated,BOEING_2022_10K,True
What production rate changes is Boeing forecasting for FY2023?,Boeing forecasts gradually increasing 787 production to 5 per month in 2023 and expects the paused 777X program to resume in 2023. [BOEING_2022_10K_c13],"Boeing forecasts an increase in the production rates for the 737, 777X and 787 aircrafts in 2023.",5,0.0,0.0,1.0,0.3333333333333333,1.0,0.2,1.0,0.1,0.3333333333333333,0.372093023255814,0.0,1.0,0.7883315086364746,1.0,0.6,0.7499999999999999,False,novel-generated,BOEING_2022_10K,True
How does Boeing's effective tax rate in FY2022 compare to FY2021?,Boeing's effective income tax rate was 17.5% in FY2022 compared to 14.8% in FY2021 [BOEING_2022_10K_c34].,"Effective tax rate in FY2022 was 0.62%, compared to  -14.76% in FY2021.",5,0.0,0.0,1.0,0.6666666666666666,1.0,0.6,1.0,0.3,0.5,0.5714285714285714,0.0,0.0,0.732331395149231,1.0,0.2,0.33333333333333337,False,novel-generated,BOEING_2022_10K,True
What is the FY2017 return on assets (ROA) for Coca Cola? ROA is defined as: FY2017 net income / (average total assets between FY2016 and FY2017). Round your answer to two decimal places. Give a response to the question by relying on the details shown in the balance sheet and the P&L statement.,"The FY2017 return on assets (ROA) for Coca-Cola is 1.46%.

Calculation:
FY2017 Net Income = $1,182 million [COCACOLA_2017_10K_c151]
Average Total Assets = ($87,270 + $89,996) / 2 = $88,633 million [COCACOLA_2017_10K_c151][COCACOLA_2017_10K_c62]
ROA = $1,182 / $88,633 ≈ 0.0133 or 1.46% [COCACOLA_2017_10K_c151][COCACOLA_2017_10K_c62]",0.01,5,1.0,1.0,1.0,0.3333333333333333,1.0,0.2,1.0,0.1,1.0,0.03225806451612903,0.0,0.0,0.19313444197177887,1.0,0.8,0.888888888888889,False,metrics-generated,COCACOLA_2017_10K,True
What is Coca Cola's FY2021 COGS % margin? Calculate what was asked by utilizing the line items clearly shown in the income statement.,"Coca-Cola's FY2021 Cost of Goods Sold (COGS) margin is 39.5%.

**Calculation:**
*   **Net Operating Revenues (FY2021):** $38,655 million [COCACOLA_2021_10K_c128]
*   **Cost of Goods Sold (COGS) (FY2021):** $15,357 million [COCACOLA_2021_10K_c128]
*   **Gross Profit:** $23,298 million ($38,655 - $15,357) [COCACOLA_2021_10K_c128]
*   **COGS Margin:** 39.49% (rounded to 39.5%)",39.7%,5,1.0,1.0,1.0,1.0,1.0,1.0,1.0,0.5,1.0,0.03278688524590164,0.0,0.0,0.3556186556816101,1.0,0.4,0.5714285714285715,False,metrics-generated,COCACOLA_2021_10K,True
What is Coca Cola's FY2022 dividend payout ratio (using total cash dividends paid and net income attributable to shareholders)? Round answer to two decimal places. Answer the question asked by assuming you only have access to information clearly displayed in the cash flow statement and the income statement.,"The dividend payout ratio for FY2022 is 79.83%.

*   Net income attributable to shareowners of The Coca-Cola Company (FY2022): $9,542 million [COCACOLA_2022_10K_c133]
*   Total dividends paid (FY2022): $7,617 million [COCACOLA_2022_10K_c133]

Calculation: ($7,617 / $9,542) * 100 = 79.826... ≈ 79.83%",0.8,5,0.0,0.0,0.0,0.0,0.5,0.2,0.5,0.1,0.1,0.0,0.0,0.0,0.15539109706878662,1.0,0.6,0.7499999999999999,False,metrics-generated,COCACOLA_2022_10K,True
"Based on the information provided primarily in the balance sheet and the statement of income, what is FY2020 days payable outstanding (DPO) for Corning? DPO is defined as: 365 * (average accounts payable between FY2019 and FY2020) / (FY2020 COGS + change in inventory between FY2019 and FY2020). Round your answer to two decimal places.",Not enough information in the provided context.,63.86,5,0.0,0.0,0.0,0.0,0.0,0.0,0.0,0.0,0.0,0.0,0.0,0.0,0.08376403898000717,0.0,0.0,0.0,True,metrics-generated,CORNING_2020_10K,True
"Taking into account the information outlined in the income statement, what is the FY2019 - FY2021 3 year average unadjusted operating income % margin for Corning? Answer in units of percents and round to one decimal place.","To calculate the 3-year average unadjusted operating income margin for FY2019, FY2020, and FY2021:

**FY2019:**
*   Income before income taxes (Operating Income proxy): $960 million [CORNING_2019_10K_c34]
*   Net Sales: $11,503 million [CORNING_2019_10K_c34]
*   Margin: ($960 / $11,503) * 100 = 8.34%

**FY2020:**
*   Income before income taxes (Operating Income proxy): $623 million [CORNING_2021_10K_c41]
*   Net Sales: $11,452 million [CORNING_2021_10K_c41]
*   Margin: ($623 / $11,452) * 100 = 5.44%

**FY2021:**
*   Income before income taxes (Operating Income proxy): $2",10.3%,5,0.0,0.0,0.0,0.0,0.0,0.0,0.0,0.0,0.0,0.023255813953488372,0.0,0.0,0.24859967827796936,1.0,0.6,0.7499999999999999,False,metrics-generated,CORNING_2021_10K,True
How much has the effective tax rate of Corning changed between FY2021 and FY2022?,"The effective tax rate increased from 20% in FY2021 to 23% in FY2022, a change of +3 percentage points [CORNING_2022_10K_c40].",The effective tax rate of Corning has changed from 20% in FY2021 to 23% in FY 2022.,5,1.0,1.0,1.0,1.0,1.0,0.6,1.0,0.3,1.0,0.6,0.0,1.0,0.8546773791313171,1.0,0.4,0.5714285714285715,False,domain-relevant,CORNING_2022_10K,True
"Does Corning have positive working capital based on FY2022 data? If working capital is not a useful or relevant metric for this company, then please state that and explain why.","Not enough information in the provided context. The excerpts contain working capital data for fiscal years 2017 through 2021, but no financial data or metrics for FY2022 are included.",Yes. Corning had a positive working capital amount of $831 million by FY 2022 close. This answer considers only operating current assets and current liabilities that were clearly shown in the balance sheet.,5,0.0,0.0,0.0,0.0,0.0,0.0,0.0,0.0,0.0,0.06451612903225808,0.0,0.0,0.51025390625,0.0,0.4,0.0,True,domain-relevant,CORNING_2022_10K,True
"Using only the information within the balance sheet, how much total assets did Costco have at the end of FY2021? Answer in USD millions.","$59,268 million [COSTCO_2021_10K_c51]",$59268.00,5,1.0,1.0,1.0,1.0,1.0,0.8,1.0,0.4,1.0,0.0,0.0,1.0,0.6021132469177246,1.0,0.0,0.0,False,metrics-generated,COSTCO_2021_10K,True
What is the FY2018 fixed asset turnover ratio for CVS Health? Fixed asset turnover ratio is defined as: FY2018 revenue / (average PP&E between FY2017 and FY2018). Round your answer to two decimal places. Calculate what was asked by utilizing the line items clearly shown in the P&L statement and the balance sheet.,Not enough information in the provided context.,17.98,5,0.0,0.0,0.0,0.0,0.0,0.0,0.0,0.0,0.0,0.0,0.0,0.0,0.15876318514347076,0.0,0.0,0.0,True,metrics-generated,CVSHEALTH_2018_10K,True
Is CVS Health a capital-intensive business based on FY2022 data?,Not enough information in the provided context.,"Yes, CVS Health requires an extensive asset base to operate, which is evident from its ROA of only 1.82% in 2022 and 3.39% in 2021, though it should be noted that a significant portion of this asset base is goodwill, and CVS's fixed assets/total assets ratio is on the lower side of 5.6%.",5,0.0,0.0,0.0,0.0,0.0,0.0,0.0,0.0,0.0,0.06153846153846154,0.0,0.0,0.10911083966493607,0.0,0.0,0.0,True,domain-relevant,CVSHEALTH_2022_10K,True
"Has CVS Health reported any materially important ongoing legal battles from 2022, 2021 and 2020?","Yes, CVS Health reported ongoing legal battles in 2022. In January 2022, the Department of Justice (DOJ) served a Civil Investigative Demand (CID), and the Company is actively defending against claims related to prescription opioids and controlled substances [CVSHEALTH_2022_10K_c317]. Additionally, in July 2022, the Delaware Attorney General's Office moved for partial intervention regarding allegations under the Delaware false claims act in a qui tam case involving overpayments [CVSHEALTH_2022_10K_c317]. The excerpts do not provide specific details on ongoing legal battles for 2021 or 2020 beyond noting that CVS Health was named as a defendant in lawsuits concerning prescription processing practices, including a case filed by the U.S. Attorney's Office in December 2019 [CVSHEALTH_2022_10K_c317].","Yes, CVS Health has been involved in multiple ongoing legal battles. Some notable legal dispute areas for CVS are: (1) usual and customary pricing litigation: where it's claimed that CVSâs retail pharmacies overcharged for prescription drugs; (2) PBM litigation and investigations: where it's claimed that that rebate agreements between the drug manufacturers and PBMs caused inflated prices for certain drug products; and (3) controlled substances litigation: legal matters around opioids for which CVS has agreed to pay up to $4.3 billion to claimants in remediation and $625 million to attorneys and fees",5,0.0,0.0,0.0,0.0,0.0,0.0,0.0,0.0,0.0,0.16363636363636366,0.0,0.0,0.8192227482795715,1.0,0.6,0.7499999999999999,False,domain-relevant,CVSHEALTH_2022_10K,True
Has CVS Health paid dividends to common shareholders in Q2 of FY2022?,"No, the provided excerpts do not contain information regarding CVS Health's dividend payments for Q2 of FY2022.

[CVSHEALTH_2021_10K_c139]
During 2021, 2020 and 2019, the quarterly cash dividend was $0.50 per share. In December 2021, the Board authorized a 10% increase in the quarterly cash dividend to $0.55 per share effective in 2022.

[CVSHEALTH_2022_10K_c139]
During 2022, 2021 and 2020, the quarterly cash dividend was $0.55, $0.50 and $0.50 per share, respectively. In December 2022, the Board authorized a 10% increase in the quarterly cash dividend to $0.605 per share effective in 2023.","Yes, CVS paid a $ 0.55 dividend per share every quarter in FY2022",5,0.0,0.0,1.0,0.3333333333333333,1.0,0.6,1.0,0.3,0.3333333333333333,0.13675213675213677,0.0,1.0,0.7708590030670166,0.5,0.2,0.28571428571428575,True,domain-relevant,CVSHEALTH_2022_10K,True
What is the FY2019 cash conversion cycle (CCC) for General Mills? CCC is defined as: DIO + DSO - DPO. DIO is defined as: 365 * (average inventory between FY2018 and FY2019) / (FY2019 COGS). DSO is defined as: 365 * (average accounts receivable between FY2018 and FY2019) / (FY2019 Revenue). DPO is defined as: 365 * (average accounts payable between FY2018 and FY2019) / (FY2019 COGS + change in inventory between FY2018 and FY2019). Round your answer to two decimal places. Address the question by using the line items and information shown within the income statement and the balance sheet.,Not enough information in the provided context.,-3.7,5,0.5,1.0,0.5,0.6666666666666666,0.5,0.4,0.5,0.2,0.5,0.0,0.0,0.0,-0.02143179252743721,0.0,0.0,0.0,True,metrics-generated,GENERALMILLS_2019_10K,True
"By drawing conclusions from the information stated only in the statement of financial position, what is General Mills's FY2020 working capital ratio? Define working capital ratio as total current assets divided by total current liabilities. Round your answer to two decimal places.","Based on the Consolidated Balance Sheets for May 31, 2020 (FY2020), General Mills's total current assets were $5,121.3 million and its total current liabilities were $7,491.5 million [GENERALMILLS_2020_10K_c86]. The working capital ratio is calculated as 5,121.3 divided by 7,491.5, which equals approximately 0.68.

Answer: 0.68",0.68,5,1.0,1.0,1.0,1.0,1.0,0.8,1.0,0.4,1.0,0.06557377049180328,0.0,1.0,0.12828898429870605,1.0,0.4,0.5714285714285715,False,metrics-generated,GENERALMILLS_2020_10K,True
"According to the information provided in the statement of cash flows, what is the FY2020 free cash flow (FCF) for General Mills? FCF here is defined as: (cash from operations - capex). Answer in USD millions.","$3,215.4 million",$3215.00,5,0.0,0.0,1.0,0.3333333333333333,1.0,0.4,1.0,0.2,0.3333333333333333,0.0,0.0,1.0,0.538372278213501,0.0,0.0,0.0,False,metrics-generated,GENERALMILLS_2020_10K,True
We want to calculate a financial metric. Please help us compute it by basing your answers off of the cash flow statement and the income statement. Here's the question: what is the FY2022 retention ratio (using total cash dividends paid and net income attributable to shareholders) for General Mills? Round answer to two decimal places.,"The provided excerpts do not contain the specific financial data required to calculate the FY2022 retention ratio for General Mills. The excerpts include statements for fiscal years 2015, 2016, 2017, 2018, and 2019 (with some 2023 data), but no excerpt explicitly labeled ""FY2022"" or containing the specific line items for FY2022 net income attributable to shareholders and total cash dividends paid.

Not enough information in the provided context.",0.54,5,0.5,1.0,0.5,1.0,0.5,0.6,0.5,0.3,0.5,0.0,0.0,0.0,0.14576786756515503,0.0,0.6,0.0,True,metrics-generated,GENERALMILLS_2022_10K,True
Which of JPM's business segments had the lowest net revenue in 2021 Q1?,"Corporate & Investment Bank had the lowest net revenue in 2021 Q1 at $3.4 billion (specifically $3,396 million). [JPMORGAN_2021Q1_10Q_c11]",Corporate. Its net revenue was -$473 million.,5,0.0,0.0,1.0,0.3333333333333333,1.0,0.4,1.0,0.2,0.3333333333333333,0.26666666666666666,0.0,0.0,0.5785417556762695,1.0,0.6,0.7499999999999999,False,novel-generated,JPMORGAN_2021Q1_10Q,True
"If JPM went bankrupted by the end by 2021 Q1 and liquidated all of its assets to pay its shareholders, how much could each shareholder get?",Not enough information in the provided context.,They could receive $66.56 per share.,5,0.0,0.0,0.0,0.0,0.0,0.0,0.0,0.0,0.0,0.0,0.0,0.0,0.129543736577034,0.0,0.0,0.0,True,novel-generated,JPMORGAN_2021Q1_10Q,True
"Are JPM's gross margins historically consistent (not fluctuating more than roughly 2% each year)? If gross margins are not a relevant metric for a company like this, then please state that and explain why.","JPM's gross margins are not a relevant metric for this company because the provided excerpts do not contain any data regarding JPM's gross margins. The text only presents selected balance sheet data, credit quality statistics, and mutual fund asset rankings for JPMorgan Chase.

Not enough information in the provided context","Since JPM is a financial institution, gross margin is not a relevant metric.",5,0.0,0.0,0.0,0.0,0.0,0.0,0.0,0.0,0.0,0.2153846153846154,0.0,,0.8242132663726807,0.0,0.4,0.0,True,domain-relevant,JPMORGAN_2022_10K,True
"In 2022 Q2, which of JPM's business segments had the highest net income?",Not enough information in the provided context.,Corporate & Investment Bank. Its net income was $3725 million.,5,1.0,1.0,1.0,0.6666666666666666,1.0,0.4,1.0,0.2,1.0,0.0,0.0,0.0,0.08546090126037598,0.0,0.0,0.0,True,novel-generated,JPMORGAN_2022Q2_10Q,True
"Looking at VaR, did the risk that JPM faced in the second fiscal quarter of 2023 decrease compared to the same period in the prior year?",Not enough information in the provided context.,Yes. It decreased.,5,1.0,1.0,1.0,1.0,1.0,1.0,1.0,0.5,1.0,0.0,0.0,,0.19143086671829224,0.0,0.0,0.0,True,novel-generated,JPMORGAN_2023Q2_10Q,True
"Basing your judgments off of the balance sheet, what is the year end FY2018 amount of accounts payable for MGM Resorts? Answer in USD millions.","$302.578 million

[MGMRESORTS_2018_10K_c107]",$303.00,5,1.0,1.0,1.0,1.0,1.0,1.0,1.0,0.5,1.0,0.0,0.0,1.0,0.46354973316192627,1.0,0.0,0.0,False,metrics-generated,MGMRESORTS_2018_10K,True
What is the FY2018 - FY2020 3 year average of capex as a % of revenue for MGM Resorts? Answer in units of percents and round to one decimal place. Please utilize information provided primarily within the statement of cash flows and the statement of income.,"To calculate the 3-year average of capital expenditures (Capex) as a percentage of revenue for FY2018, FY2019, and FY2020:

**Step 1: Retrieve Capex Data from Statements of Cash Flows**
*   **FY2018:** From [MGMRESORTS_2020_10K_c129], Capital expenditures (net) = $1,486,843 thousand.
*   **FY2019:** Not explicitly listed as a standalone column in the provided excerpts for FY2019 Capex. However, [MGMRESORTS_2022_10K_c115] lists Capital expenditures for 2022 ($765,067), 2021 ($490,697), and 2020 ($270,579). The FY2019 figure is missing from the provided text.
*   **FY2020:** From [MGMRESORTS_2020_10K_c129], Capital expenditures (net) = $",7.9%,5,0.0,0.0,0.0,0.0,0.0,0.0,0.0,0.0,0.0,0.0,0.0,0.0,0.178265780210495,1.0,0.4,0.5714285714285715,False,metrics-generated,MGMRESORTS_2020_10K,True
Has MGM Resorts paid dividends to common shareholders in FY2022?,"Yes, MGM Resorts paid dividends to common shareholders in FY2022.

[MGMRESORTS_2022_10K_c120]
Dividends declared and paid to common shareholders ($0.01 per share) — — — (4,048) — (4,048) — (4,048)

[MGMRESORTS_2022_10K_c63]
We maintained an annual dividend of $0.01 per share throughout 2022.",Yes. MGM maintained 0.01$ per share annual dividend through out FY 2022.,5,0.0,0.0,0.0,0.0,1.0,0.2,1.0,0.1,0.2,0.30000000000000004,0.0,1.0,0.794461727142334,1.0,0.0,0.0,False,domain-relevant,MGMRESORTS_2022_10K,True
Which region had the Highest EBITDAR Contribution for MGM during FY2022?,"Las Vegas Strip Resorts had the highest EBITDAR contribution for MGM during FY2022 at $3,142,308 thousand (approximately $3.1 billion). [MGMRESORTS_2022_10K_c80]",Las Vegas resorts contributed ~90% of company level EBITDAR during FY2022.,5,1.0,1.0,1.0,0.6666666666666666,1.0,0.6,1.0,0.3,1.0,0.3243243243243243,0.0,0.0,0.6702578067779541,1.0,0.8,0.888888888888889,False,novel-generated,MGMRESORTS_2022Q4_EARNINGS,True
What was MGM's interest coverage ratio using FY2022 Adjusted EBIT as the numerator and annual Interest Expense as the denominator?,Not enough information in the provided context.,"As adjusted EBIT is negative, coverage ratio is zero",5,0.0,0.0,0.0,0.0,0.0,0.0,0.0,0.0,0.0,0.0,0.0,,0.13597753643989563,0.0,0.0,0.0,True,novel-generated,MGMRESORTS_2022Q4_EARNINGS,True
Which region had the worst topline performance for MGM during FY2022?,"MGM China had the worst topline performance for MGM during FY2022, with net revenues of $674 million compared to $1.2 billion in 2021 [MGMRESORTS_2022_10K_c79].",MGM China experienced the worst topline performance amongst the other regions presented. Its revenue declined 44% in FY2022 whereas the other regions presented increased their revenues.,5,0.0,0.0,0.3333333333333333,0.3333333333333333,1.0,0.6,1.0,0.3,0.27777777777777773,0.29629629629629634,0.0,0.0,0.8939160108566284,1.0,0.4,0.5714285714285715,False,novel-generated,MGMRESORTS_2022Q4_EARNINGS,True
Which type of debt received the largest investment among the short term investments for MGM in H1 FY2023?,"Corporate bonds received the largest investment among short-term investments for MGM in H1 FY2023, totaling $416.4 million as of June 30, 2023 [MGMRESORTS_2023Q2_10Q_c16].",the biggest short term investment is in corporate bonds (almost 82% of the total investment),5,1.0,1.0,1.0,0.6666666666666666,1.0,0.4,1.0,0.2,1.0,0.27906976744186046,0.0,0.0,0.6525554656982422,1.0,0.6,0.7499999999999999,False,novel-generated,MGMRESORTS_2023Q2_10Q,True
We want to calculate a financial metric. Please help us compute it by basing your answers off of the statement of income and the statement of cash flows. Here's the question: what is the FY2015 unadjusted EBITDA % margin for Netflix? Calculate unadjusted EBITDA using unadjusted operating income and D&A (from cash flow statement).,Not enough information in the provided context.,5.4%,5,0.5,1.0,1.0,0.6666666666666666,1.0,0.4,1.0,0.2,0.6666666666666666,0.0,0.0,0.0,0.19747743010520935,0.0,0.2,0.0,True,metrics-generated,NETFLIX_2015_10K,True
What is Netflix's year end FY2017 total current liabilities (in USD millions)? Base your judgments on the information provided primarily in the balance sheet.,"$5,466.312 million

[NETFLIX_2018_10K_c66]",$5466.00,5,0.0,0.0,1.0,0.6666666666666666,1.0,0.6,1.0,0.3,0.5,0.0,0.0,1.0,0.5125781893730164,1.0,0.2,0.33333333333333337,False,metrics-generated,NETFLIX_2017_10K,True
"We need to calculate a reasonable approximation (or exact number if possible) of a financial metric. Basing your judgment by information plainly provided in the statement of income, what is Nike's three year average of cost of goods sold as a % of revenue from FY2016 to FY2018? Answer in units of percents and round to one decimal place.","To calculate the three-year average of cost of goods sold (COGS) as a percentage of revenue from FY2016 to FY2018, we extract the relevant figures from the provided excerpts:

*   **FY2016:**
    *   COGS: $17,405 million [NIKE_2016_10K_c51]
    *   Revenue: $30,601 million [NIKE_2016_10K_c51] (Note: The table header in c51 lists ""Fiscal 2016"" as the first column with value 30,601 under Revenues).
    *   Calculation: ($17,405 / $30,601) * 100 = 56.877%

*   **FY2017:**
    *   COGS: $19,038 million [NIKE_2017_10K_c53]
    *   Revenue: $32,233 million [NIKE_2017_10K_c5",55.1%,5,1.0,1.0,1.0,0.6666666666666666,1.0,0.6,1.0,0.3,1.0,0.0,0.0,0.0,0.22172191739082336,1.0,0.8,0.888888888888889,False,metrics-generated,NIKE_2018_10K,True
"According to the details clearly outlined within the balance sheet, how much total current assets did Nike have at the end of FY2019? Answer in USD millions.","$16,525 million [NIKE_2019_10K_c97]",$16525.00,5,1.0,1.0,1.0,1.0,1.0,1.0,1.0,0.5,1.0,0.0,0.0,1.0,0.4079788327217102,1.0,0.0,0.0,False,metrics-generated,NIKE_2019_10K,True
"When primarily referencing the income statement and the statement of financial position, what is the FY2021 inventory turnover ratio for Nike? Inventory turnover ratio is defined as: (FY2021 COGS) / (average inventory between FY2020 and FY2021). Round your answer to two decimal places.","The FY2021 inventory turnover ratio for Nike is 3.49.

**Calculation:**
*   **FY2021 Cost of Goods Sold (COGS):** $25,231 million [NIKE_2022_10K_c110]
*   **FY2021 Inventories (Ending Inventory):** $6,854 million [NIKE_2022_10K_c111]
*   **FY2020 Inventories (Beginning Inventory for FY2021):** $8,420 million [NIKE_2022_10K_c111]
    *   *Note: The excerpt labeled NIKE_2022_10K_c111 presents the Balance Sheet for May 31, 2022 and May 31, 2021. Therefore, the inventory at May 31, 2021 ($8,420 million) is the ending inventory for FY2021 (which ends May 31, 2022), and the inventory at May 31",3.46,5,0.0,0.0,0.5,0.3333333333333333,1.0,0.6,1.0,0.3,0.29166666666666663,0.020618556701030927,0.0,0.0,0.16191957890987396,1.0,0.6,0.7499999999999999,False,metrics-generated,NIKE_2021_10K,True
"Among operations, investing, and financing activities, which brought in the most (or lost the least) cash flow for Nike in FY2023?",Not enough information in the provided context.,"Among the three, cash flow from operations was the highest for Nike in FY2023.",5,0.0,0.0,1.0,0.3333333333333333,1.0,0.6,1.0,0.3,0.5,0.09523809523809523,0.0,,0.04913756623864174,0.0,0.2,0.0,True,domain-relevant,NIKE_2023_10K,True
"Does Paypal have positive working capital based on FY2022 data? If working capital is not a useful or relevant metric for this company, then please state that and explain why.","Yes, PayPal had positive working capital in FY2022.

Working Capital = Total Current Assets - Total Current Liabilities
$57,517 million (Current Assets) - $45,101 million (Current Liabilities) = $12,416 million [PAYPAL_2022_10K_c105]",Yes. Paypal has a positive working capital of $ 1.6Bn as of FY2022 end.,5,1.0,1.0,1.0,0.3333333333333333,1.0,0.2,1.0,0.1,1.0,0.2553191489361702,0.0,,0.8595798015594482,1.0,0.2,0.33333333333333337,False,domain-relevant,PAYPAL_2022_10K,True
Did Pfizer grow its PPNE between FY20 and FY21?,Not enough information in the provided context.,"Yes, change in PPNE was positive year over year",5,0.0,0.0,0.0,0.0,0.0,0.0,0.0,0.0,0.0,0.125,0.0,,0.12321101874113083,0.0,0.0,0.0,True,novel-generated,PFIZER_2021_10K,True
Were there any potential events that are not in Pfizer's standard business operations that substantially increased net income in 2019?,Not enough information in the provided context.,"Yes, the gain on completion of Consumer Healthcare JV Transaction",5,1.0,1.0,1.0,0.3333333333333333,1.0,0.2,1.0,0.1,1.0,0.11764705882352941,0.0,,0.183596670627594,0.0,0.0,0.0,True,novel-generated,PFIZER_2021_10K,True
What are three main companies acquired by Pfizer mentioned in this 10K report?,"Medivation, Inc., Bamboo Therapeutics, Inc., and Array BioPharma Inc. [PFIZER_2016_10K_c131][PFIZER_2019_10K_c7][PFIZER_2021_10K_c168]","Trillium, Array, and Therachon",5,0.5,1.0,0.5,0.6666666666666666,1.0,0.6,1.0,0.3,0.6,0.08,0.0,,0.05927521735429764,1.0,0.2,0.33333333333333337,False,novel-generated,PFIZER_2021_10K,True
How much does Pfizer expect to pay to spin off Upjohn in the future in USD million?,Pfizer expects to incur costs of approximately $700 million in connection with separating Upjohn. [PFIZER_2022_10K_c85],77.78,5,1.0,1.0,1.0,1.0,1.0,1.0,1.0,0.5,1.0,0.0,0.0,0.0,0.046131111681461334,1.0,0.4,0.5714285714285715,False,novel-generated,Pfizer_2023Q2_10Q,True
"For Pfizer, which geographic region had the biggest drop in Q22023 year over year revenues (on a percentage basis)?",Not enough information in the provided context.,Developed Rest of the World,5,1.0,1.0,1.0,0.6666666666666666,1.0,0.4,1.0,0.2,1.0,0.16666666666666666,0.0,,0.15215854346752167,0.0,0.0,0.0,True,novel-generated,Pfizer_2023Q2_10Q,True
"As of Q2'2023, is Pfizer spinning off any large business segments?","No. As of Q2 2023, Pfizer is not spinning off any large business segments; it announced an agreement to acquire Seagen in March 2023 and expects the transaction to close in late 2023 or early 2024 [PFIZER_2023Q2_10Q_c14].","Yes, it's spinning off Upjohn.",5,1.0,1.0,1.0,0.3333333333333333,1.0,0.2,1.0,0.1,1.0,0.08695652173913045,0.0,,0.22071616351604462,0.0,0.4,0.0,False,novel-generated,Pfizer_2023Q2_10Q,True
Which debt securities are registered to trade on a national securities exchange under Ulta Beauty's name as of FY2023?,Not enough information in the provided context.,There are none,5,1.0,1.0,1.0,1.0,1.0,0.6,1.0,0.3,1.0,0.0,0.0,,0.13309000432491302,0.0,0.0,0.0,True,domain-relevant,ULTABEAUTY_2023_10K,True
What are major acquisitions that Ulta Beauty has done in FY2023 and FY2022?,Not enough information in the provided context.,Ulta Beauty did not make any acquisitions in FY2023 and FY2022.,5,0.0,0.0,1.0,0.3333333333333333,1.0,0.2,1.0,0.1,0.5,0.2222222222222222,0.0,,0.2227833867073059,0.0,0.0,0.0,True,domain-relevant,ULTABEAUTY_2023_10K,True
What drove the reduction in SG&A expense as a percent of net sales in FY2023?,"In FY2023, the reduction in SG&A expenses as a percentage of net sales was primarily driven by exchange rate movements. [AMCOR_2023_10K_c50]","Lower marketing expenses and leverage of incentive compensation due to higher sales. The answer here assumes FY2023 refers to the 12 months ended on January 28, 2023 (although the company refers to this period as its fiscal 2022.",5,0.0,0.0,1.0,0.6666666666666666,1.0,0.6,1.0,0.3,0.5,0.12698412698412698,0.0,0.0,0.5210279226303101,1.0,0.2,0.33333333333333337,False,novel-generated,ULTABEAUTY_2023Q4_EARNINGS,True
What drove the increase in Ulta Beauty's merchandise inventories balance at end of FY2023?,"The increase in merchandise inventories at the end of fiscal 2023 was primarily driven by:
*   A $54 million increase due to the addition of 47 new stores opened since January 29, 2022. [ULTABEAUTY_2023_10K_c66]
*   A $25 million increase due to new key brand launches. [ULTABEAUTY_2023_10K_c66]
*   A $25 million increase primarily due to inventory cost increases. [ULTABEAUTY_2023_10K_c66]","Increase in Merchandise inventories balance was driven by the opening of 47 new stores. The answer here assumes FY2023 refers to the 12 months ended on January 28, 2023 (although the company refers to this period as its fiscal 2022.",5,1.0,1.0,1.0,0.3333333333333333,1.0,0.2,1.0,0.1,1.0,0.28846153846153844,0.0,1.0,0.7138919830322266,1.0,0.6,0.7499999999999999,False,novel-generated,ULTABEAUTY_2023Q4_EARNINGS,True
What percent of Ulta Beauty's total spend on stock repurchases for FY 2023 occurred in Q4 of FY2023?,Not enough information in the provided context.,"36%. The answer here assumes FY2023 refers to the 12 months ended on January 28, 2023 (although the company refers to this period as its fiscal 2022.",5,0.0,0.0,0.0,0.0,1.0,0.2,1.0,0.1,0.25,0.058823529411764705,0.0,0.0,0.13633915781974792,0.0,0.2,0.0,True,novel-generated,ULTABEAUTY_2023Q4_EARNINGS,True
Did Ulta Beauty's wages expense as a percent of net sales increase or decrease in FY2023?,Not enough information in the provided context.,"Wages expense as a percent of net sales increased in FY2023. The answer here assumes FY2023 refers to the 12 months ended on January 28, 2023 (although the company refers to this period as its fiscal 2022.",5,1.0,1.0,1.0,0.3333333333333333,1.0,0.2,1.0,0.1,1.0,0.09090909090909091,0.0,0.0,0.054213397204875946,0.0,0.2,0.0,True,novel-generated,ULTABEAUTY_2023Q4_EARNINGS,True
"Among all of the derivative instruments that Verizon used to manage the exposure to fluctuations of foreign currencies exchange rates or interest rates, which one had the highest notional value in FY 2021?","Cross currency swaps had the highest notional value at $32,502 million in FY 2021 [VERIZON_2021_10K_c167].","Cross currency swaps. Its notional value was $32,502 million.",5,1.0,1.0,1.0,1.0,1.0,1.0,1.0,0.5,1.0,0.5517241379310345,0.0,1.0,0.8115493059158325,1.0,0.6,0.7499999999999999,False,novel-generated,VERIZON_2021_10K,True
"As of FY 2021, how much did Verizon expect to pay for its retirees in 2024?",Not enough information in the provided context.,"The estimated pension benefits were $1097 million, and the estimated health care and life insurance benefits were $862 million.",5,0.5,1.0,1.0,1.0,1.0,0.8,1.0,0.4,0.75,0.07692307692307693,0.0,0.0,0.10911635309457779,0.0,0.0,0.0,True,novel-generated,VERIZON_2021_10K,True
"Does Verizon have a reasonably healthy liquidity profile based on its quick ratio for FY 2022? If the quick ratio is not relevant to measure liquidity, please state that and explain why.","Not enough information in the provided context. The excerpts do not contain Verizon's quick ratio for FY 2022, nor do they provide the specific components (such as cash equivalents or marketable securities) required to calculate it from available data like total current assets and current liabilities.",No. The quick ratio was approximately 0.54 for Verizon. It indicated that Verizon does not have a healthy liquidity profile.,5,0.0,0.0,0.0,0.0,0.0,0.0,0.0,0.0,0.0,0.14705882352941177,0.0,0.0,0.5522806644439697,0.0,0.4,0.0,True,domain-relevant,VERIZON_2022_10K,True
Is Verizon a capital intensive business based on FY 2022 data?,"Yes, Verizon is a capital intensive business based on FY 2022 data.
[VERIZON_2022_10K_c39]
[VERIZON_2022_10K_c69]","Yes. Verizon's capital intensity ratio was approximately 2.774729. This means that it took approximately $2.77 of assets to generate $1 of revenue and thus, Verizon can be considered capital intensive.",5,0.0,0.0,0.5,0.3333333333333333,0.5,0.2,0.5,0.1,0.16666666666666666,0.18867924528301888,0.0,0.0,0.7418661117553711,0.5,0.2,0.28571428571428575,False,domain-relevant,VERIZON_2022_10K,True
Has Verizon increased its debt on balance sheet between 2022 and the 2021 fiscal period?,"No, Verizon decreased its debt on the balance sheet between 2021 and 2022. At December 31, 2022, total long-term debt was $140.676 billion compared to $143.425 billion at December 31, 2021 [VERIZON_2022_10K_c107]. Additionally, total debt decreased from $150.9 billion at December 31, 2021, to $150.6 billion at December 31, 2022 [VERIZON_2022_10K_c76].",No. Verizon's debt decreased by $229 million.,5,0.0,0.0,0.0,0.0,0.0,0.0,0.0,0.0,0.0,0.1142857142857143,0.0,0.0,0.8054525256156921,1.0,0.6,0.7499999999999999,False,domain-relevant,VERIZON_2022_10K,True
What is FY2018 days payable outstanding (DPO) for Walmart? DPO is defined as: 365 * (average accounts payable between FY2017 and FY2018) / (FY2018 COGS + change in inventory between FY2017 and FY2018). Round your answer to two decimal places. Please base your judgments on the information provided primarily in the statement of financial position and the P&L statement.,Not enough information in the provided context.,42.69,5,0.5,1.0,1.0,0.6666666666666666,1.0,0.4,1.0,0.2,0.75,0.0,0.0,0.0,0.12122571468353271,0.0,0.0,0.0,True,metrics-generated,WALMART_2018_10K,True
"Based on the information provided primarily in the statement of income, what is the FY2018 - FY2019 change in unadjusted operating income % margin for Walmart? Answer in units of percents and round to one decimal place.","The FY2018 - FY2019 change in unadjusted operating income % margin for Walmart is 3.4%.

[WALMART_2018_10K_c63]",0.2%,5,0.0,0.0,0.0,0.0,0.0,0.0,0.0,0.0,0.0,0.0,0.0,0.0,0.31046992540359497,1.0,0.8,0.888888888888889,False,metrics-generated,WALMART_2019_10K,True
What is the FY2018 - FY2020 3 year average unadjusted EBITDA % margin for Walmart? Define unadjusted EBITDA as unadjusted operating income + depreciation and amortization from the cash flow statement. Answer in units of percents and round to one decimal place. Calculate what was asked by utilizing the line items clearly shown in the P&L statement and the cash flow statement.,"To calculate the unadjusted EBITDA % margin for FY2018, FY2019, and FY2020:

**Formula:**
Unadjusted EBITDA = Operating Income + Depreciation and Amortization
Margin = (Unadjusted EBITDA / Net Sales) * 100

**FY2018 Data (Fiscal Year Ended Jan 31, 2019):**
*   **Operating Income:** $27,147 million [WALMART_2015_10K_c87]
*   **Depreciation and Amortization:** $10,529 million [WALMART_2018_10K_c108]
*   **Net Sales:** $482,229 million [WALMART_2015_10K_c87]
*   **Unadjusted EBITDA:** 27,147 + 10,529 = 37,676
*   **Margin:** (37,676 / 482,229) *",6.2%,5,0.5,1.0,0.5,0.3333333333333333,0.5,0.4,0.5,0.2,0.5,0.0,0.0,0.0,0.14959228038787842,1.0,0.2,0.33333333333333337,False,metrics-generated,WALMART_2020_10K,True
