experiment,axis,note,chunk_strategy,k,embedding_model,generation_model,gen_minutes,abstained,dropped_contexts,n_all,n_answerable,minutes,all.recall@1_mean,all.recall@1_std,all.recall@1_median,all.recall@1_min,all.recall@1_max,all.recall@3_mean,all.recall@3_std,all.recall@3_median,all.recall@3_min,all.recall@3_max,all.recall@5_mean,all.recall@5_std,all.recall@5_median,all.recall@5_min,all.recall@5_max,all.recall@10_mean,all.recall@10_std,all.recall@10_median,all.recall@10_min,all.recall@10_max,all.mrr_mean,all.mrr_std,all.mrr_median,all.mrr_min,all.mrr_max,all.rouge_l_mean,all.rouge_l_std,all.rouge_l_median,all.rouge_l_min,all.rouge_l_max,all.exact_match_mean,all.exact_match_std,all.exact_match_median,all.exact_match_min,all.exact_match_max,all.semantic_similarity_mean,all.semantic_similarity_std,all.semantic_similarity_median,all.semantic_similarity_min,all.semantic_similarity_max,all.citation_precision_mean,all.citation_precision_std,all.citation_precision_median,all.citation_precision_min,all.citation_precision_max,all.citation_recall_mean,all.citation_recall_std,all.citation_recall_median,all.citation_recall_min,all.citation_recall_max,all.citation_f1_mean,all.citation_f1_std,all.citation_f1_median,all.citation_f1_min,all.citation_f1_max,answerable.recall@1_mean,answerable.recall@1_std,answerable.recall@1_median,answerable.recall@1_min,answerable.recall@1_max,answerable.recall@3_mean,answerable.recall@3_std,answerable.recall@3_median,answerable.recall@3_min,answerable.recall@3_max,answerable.recall@5_mean,answerable.recall@5_std,answerable.recall@5_median,answerable.recall@5_min,answerable.recall@5_max,answerable.recall@10_mean,answerable.recall@10_std,answerable.recall@10_median,answerable.recall@10_min,answerable.recall@10_max,answerable.mrr_mean,answerable.mrr_std,answerable.mrr_median,answerable.mrr_min,answerable.mrr_max,answerable.rouge_l_mean,answerable.rouge_l_std,answerable.rouge_l_median,answerable.rouge_l_min,answerable.rouge_l_max,answerable.exact_match_mean,answerable.exact_match_std,answerable.exact_match_median,answerable.exact_match_min,answerable.exact_match_max,answerable.semantic_similarity_mean,answerable.semantic_similarity_std,answerable.semantic_similarity_median,answerable.semantic_similarity_min,answerable.semantic_similarity_max,answerable.citation_precision_mean,answerable.citation_precision_std,answerable.citation_precision_median,answerable.citation_precision_min,answerable.citation_precision_max,answerable.citation_recall_mean,answerable.citation_recall_std,answerable.citation_recall_median,answerable.citation_recall_min,answerable.citation_recall_max,answerable.citation_f1_mean,answerable.citation_f1_std,answerable.citation_f1_median,answerable.citation_f1_min,answerable.citation_f1_max
baseline,reference,"512-token chunks, bge-base embeddings, k=5, Qwen3.5-4B generator",fixed_512_overlap64,5,BAAI/bge-base-en-v1.5,Qwen3.5-4B,22.0,99.0,0.0,150,114,22.4,0.1766666666666666,0.3715407186202357,0.0,0.0,1.0,0.3244444444444444,0.4535824204926434,0.0,0.0,1.0,0.36,0.467464961181997,0.0,0.0,1.0,0.36,0.467464961181997,0.0,0.0,1.0,0.2497037037037036,0.370590900663294,0.0,0.0,1.0,0.0870804244606364,0.1173091423033633,0.0510071474983755,0.0,0.5517241379310345,0.0,0.0,0.0,0.0,0.0,0.2757160396873951,0.263772609678593,0.1477127000689506,-0.0452315360307693,0.9406907558441162,0.3266666666666666,0.470565369887976,0.0,0.0,1.0,0.1426666666666666,0.2177821911315276,0.0,0.0,1.0,0.0608730158730158,0.1854642662881798,0.0,0.0,1.0,0.2324561403508772,0.4110198010076515,0.0,0.0,1.0,0.4093567251461988,0.4735586478550521,0.0,0.0,1.0,0.4561403508771929,0.4822577960979178,0.0,0.0,1.0,0.4561403508771929,0.4822577960979178,0.0,0.0,1.0,0.32270955165692,0.3960172028253736,0.0,0.0,1.0,0.0999254257388937,0.1272675278426731,0.0630272952853597,0.0,0.5517241379310345,0.0,0.0,0.0,0.0,0.0,0.3290040035519683,0.2795488268020356,0.1920979395508766,-0.0214320309460163,0.9406907558441162,0.4298245614035088,0.4972365802478048,0.0,0.0,1.0,0.1456140350877192,0.2246493239235902,0.0,0.0,1.0,0.0800960735171261,0.2092893008194625,0.0,0.0,1.0
chunk_256,chunk_size,halves the chunk to 256 tokens with proportional overlap,fixed_256_overlap32,5,BAAI/bge-base-en-v1.5,Qwen3.5-4B,10.6,101.0,0.0,150,114,11.1,0.1222222222222222,0.3211803980994031,0.0,0.0,1.0,0.1777777777777777,0.372761360079718,0.0,0.0,1.0,0.2144444444444444,0.3996347449933701,0.0,0.0,1.0,0.2144444444444444,0.3996347449933701,0.0,0.0,1.0,0.1544074074074074,0.326100561506024,0.0,0.0,1.0,0.0895300105003169,0.1191628242796118,0.0579831932773109,0.0,0.6060606060606061,0.0,0.0,0.0,0.0,0.0,0.267270934532086,0.2658584041348178,0.1361582428216933,-0.0452315360307693,0.9113142490386964,0.2866666666666667,0.4537194039702841,0.0,0.0,1.0,0.1359999999999999,0.2250369097242828,0.0,0.0,1.0,0.0858465608465608,0.2202773408018943,0.0,0.0,1.0,0.1608187134502924,0.3602207783090352,0.0,0.0,1.0,0.2339181286549707,0.4122743703687352,0.0,0.0,1.0,0.2821637426900584,0.4373914771892852,0.0,0.0,1.0,0.2821637426900584,0.4373914771892852,0.0,0.0,1.0,0.203167641325536,0.3608685890840079,0.0,0.0,1.0,0.1009352679823486,0.1280187827024444,0.0657327586206896,0.0,0.6060606060606061,0.0,0.0,0.0,0.0,0.0,0.3062371067179922,0.2786008101826391,0.1669688597321509,-0.0214320309460163,0.9113142490386964,0.3684210526315789,0.4845060963795715,0.0,0.0,1.0,0.1596491228070175,0.2455693396465547,0.0,0.0,1.0,0.1129560011138958,0.2467614320585352,0.0,0.0,1.0
chunk_structure,chunk_size,segments on document structure instead of a fixed token window,structure,5,BAAI/bge-base-en-v1.5,Qwen3.5-4B,20.3,102.0,6.0,150,114,21.0,0.1855555555555555,0.3771713999979131,0.0,0.0,1.0,0.3255555555555556,0.452162203984813,0.0,0.0,1.0,0.3744444444444444,0.46299960083713,0.0,0.0,1.0,0.3744444444444444,0.46299960083713,0.0,0.0,1.0,0.2580925925925926,0.3732436618669041,0.0,0.0,1.0,0.0887388194737321,0.1177221764597627,0.0588235294117647,0.0,0.588235294117647,0.0,0.0,0.0,0.0,0.0,0.2763299922831356,0.2654378445898189,0.1472269669175147,-0.0452315360307693,0.8945020437240601,0.2866666666666667,0.4537194039702841,0.0,0.0,1.0,0.12,0.2210408568628989,0.0,0.0,1.0,0.057063492063492,0.194142647936242,0.0,0.0,1.0,0.2441520467836257,0.4161086674033627,0.0,0.0,1.0,0.4195906432748538,0.4730871311897217,0.0,0.0,1.0,0.4751461988304093,0.4772259112556867,0.5,0.0,1.0,0.4751461988304093,0.4772259112556867,0.5,0.0,1.0,0.3332358674463938,0.3970488083047143,0.1833333333333333,0.0,1.0,0.1023995094191721,0.1281790597578809,0.063508064516129,0.0,0.588235294117647,0.0,0.0,0.0,0.0,0.0,0.3213845235458983,0.2778900748738891,0.1908177509903907,-0.0214320309460163,0.8945020437240601,0.3684210526315789,0.4845060963795715,0.0,0.0,1.0,0.1263157894736842,0.2353880740653677,0.0,0.0,1.0,0.0700710108604845,0.2148921440302897,0.0,0.0,1.0
embed_minilm,embedding_model,384-dim MiniLM against the 768-dim bge-base baseline,fixed_512_overlap64,5,all-MiniLM-L6-v2,,,,,150,114,0.5,0.1133333333333333,0.3127420762609056,0.0,0.0,1.0,0.25,0.424698866865428,0.0,0.0,1.0,0.3,0.4487118026965577,0.0,0.0,1.0,0.3,0.4487118026965577,0.0,0.0,1.0,0.1846666666666666,0.3245229390301226,0.0,0.0,1.0,0.0,0.0,0.0,0.0,0.0,0.0,0.0,0.0,0.0,0.0,0.0940871174602458,0.0734257775685815,0.0908511430025099,-0.0525801591575145,0.4865747988224029,0.0,0.0,0.0,0.0,0.0,0.0,0.0,0.0,0.0,0.0,0.0,0.0,0.0,0.0,0.0,0.1491228070175438,0.3515441572825304,0.0,0.0,1.0,0.3289473684210526,0.4600353361207585,0.0,0.0,1.0,0.3947368421052631,0.4772417255944272,0.0,0.0,1.0,0.3947368421052631,0.4772417255944272,0.0,0.0,1.0,0.2429824561403508,0.3529472394968502,0.0,0.0,1.0,0.0,0.0,0.0,0.0,0.0,0.0,0.0,0.0,0.0,0.0,0.0921531343268916,0.0777868706398876,0.0850636810064315,-0.0525801591575145,0.4865747988224029,0.0,0.0,0.0,0.0,0.0,0.0,0.0,0.0,0.0,0.0,0.0,0.0,0.0,0.0,0.0
gen_gemma,generation_model,"same retrieval as baseline, larger different-family generator",fixed_512_overlap64,5,BAAI/bge-base-en-v1.5,gemma-4-12B,47.3,112.0,0.0,150,114,47.6,0.1766666666666666,0.3715407186202357,0.0,0.0,1.0,0.3244444444444444,0.4535824204926434,0.0,0.0,1.0,0.36,0.467464961181997,0.0,0.0,1.0,0.36,0.467464961181997,0.0,0.0,1.0,0.2497037037037036,0.370590900663294,0.0,0.0,1.0,0.0842126727598308,0.1380231711972163,0.0394174757281553,0.0,1.0,0.0066666666666666,0.0816496580927725,0.0,0.0,1.0,0.216110679016759,0.2383621596094595,0.1270366311073302,-0.0452316552400589,1.0,0.24,0.4285138983438291,0.0,0.0,1.0,0.044,0.1499351090063687,0.0,0.0,1.0,0.0585185185185185,0.1835329152221441,0.0,0.0,1.0,0.2324561403508772,0.4110198010076515,0.0,0.0,1.0,0.4093567251461988,0.4735586478550521,0.0,0.0,1.0,0.4561403508771929,0.4822577960979178,0.0,0.0,1.0,0.4561403508771929,0.4822577960979178,0.0,0.0,1.0,0.32270955165692,0.3960172028253736,0.0,0.0,1.0,0.096343667844638,0.1525190562194495,0.0421472937000887,0.0,1.0,0.0087719298245614,0.0936585811581694,0.0,0.0,1.0,0.2527596198528874,0.2616082850491811,0.1353789195418357,-0.0214317925274372,1.0,0.3157894736842105,0.4668817567173435,0.0,0.0,1.0,0.0578947368421052,0.1697967222142668,0.0,0.0,1.0,0.0769980506822612,0.2073165270051356,0.0,0.0,1.0
k_10,retrieval_k,"more passages, higher recall ceiling at the cost of prompt noise",fixed_512_overlap64,10,BAAI/bge-base-en-v1.5,,,,,150,114,0.5,0.1766666666666666,0.3715407186202357,0.0,0.0,1.0,0.3244444444444444,0.4535824204926434,0.0,0.0,1.0,0.36,0.467464961181997,0.0,0.0,1.0,0.4066666666666667,0.4790464054900896,0.0,0.0,1.0,0.2558505291005291,0.3688471886549767,0.0,0.0,1.0,0.0,0.0,0.0,0.0,0.0,0.0,0.0,0.0,0.0,0.0,0.0940871174602458,0.0734257775685815,0.0908511430025099,-0.0525801591575145,0.4865747988224029,0.0,0.0,0.0,0.0,0.0,0.0,0.0,0.0,0.0,0.0,0.0,0.0,0.0,0.0,0.0,0.2324561403508772,0.4110198010076515,0.0,0.0,1.0,0.4093567251461988,0.4735586478550521,0.0,0.0,1.0,0.4561403508771929,0.4822577960979178,0.0,0.0,1.0,0.5043859649122807,0.4865246723367926,0.5,0.0,1.0,0.3293842244500139,0.3933600756389693,0.1339285714285714,0.0,1.0,0.0,0.0,0.0,0.0,0.0,0.0,0.0,0.0,0.0,0.0,0.0921531343268916,0.0777868706398876,0.0850636810064315,-0.0525801591575145,0.4865747988224029,0.0,0.0,0.0,0.0,0.0,0.0,0.0,0.0,0.0,0.0,0.0,0.0,0.0,0.0,0.0
k_3,retrieval_k,"fewer passages, less context but less distraction",fixed_512_overlap64,3,BAAI/bge-base-en-v1.5,,,,,150,114,0.5,0.1766666666666666,0.3715407186202357,0.0,0.0,1.0,0.3244444444444444,0.4535824204926434,0.0,0.0,1.0,0.3244444444444444,0.4535824204926434,0.0,0.0,1.0,0.3244444444444444,0.4535824204926434,0.0,0.0,1.0,0.2409259259259259,0.3724486031606228,0.0,0.0,1.0,0.0,0.0,0.0,0.0,0.0,0.0,0.0,0.0,0.0,0.0,0.0940871174602458,0.0734257775685815,0.0908511430025099,-0.0525801591575145,0.4865747988224029,0.0,0.0,0.0,0.0,0.0,0.0,0.0,0.0,0.0,0.0,0.0,0.0,0.0,0.0,0.0,0.2324561403508772,0.4110198010076515,0.0,0.0,1.0,0.4093567251461988,0.4735586478550521,0.0,0.0,1.0,0.4093567251461988,0.4735586478550521,0.0,0.0,1.0,0.4093567251461988,0.4735586478550521,0.0,0.0,1.0,0.3111598440545809,0.4003982337068618,0.0,0.0,1.0,0.0,0.0,0.0,0.0,0.0,0.0,0.0,0.0,0.0,0.0,0.0921531343268916,0.0777868706398876,0.0850636810064315,-0.0525801591575145,0.4865747988224029,0.0,0.0,0.0,0.0,0.0,0.0,0.0,0.0,0.0,0.0,0.0,0.0,0.0,0.0,0.0
filtered_meta,retrieval_filter,"reference retrieval, restricted to the company named in the question",fixed_512_overlap64,5,BAAI/bge-base-en-v1.5,,,,,150,114,0.1,0.19666666666666666,0.38814939811530136,0.0,0.0,1.0,0.35777777777777775,0.4615679704009203,0.0,0.0,1.0,0.4,0.4776901919268254,0.0,0.0,1.0,0.4,0.4776901919268254,0.0,0.0,1.0,0.2763703703703703,0.3820458643282962,0.0,0.0,1.0,0.0,0.0,0.0,0.0,0.0,0.0,0.0,0.0,0.0,0.0,0.09408713765442368,0.07342577078895005,0.09085107222199434,-0.0525801479816436,0.4865743517875671,0.0,0.0,0.0,0.0,0.0,0.0,0.0,0.0,0.0,0.0,0.0,0.0,0.0,0.0,0.0,0.25877192982456143,0.4271352200372182,0.0,0.0,1.0,0.45321637426900585,0.4753039559127454,0.25,0.0,1.0,0.5087719298245614,0.48418554980370976,0.5,0.0,1.0,0.5087719298245614,0.48418554980370976,0.5,0.0,1.0,0.35779727095516567,0.40339937408023846,0.25,0.0,1.0,0.0,0.0,0.0,0.0,0.0,0.0,0.0,0.0,0.0,0.0,0.0921531599341777,0.07778685351645102,0.08506362512707705,-0.0525801479816436,0.4865743517875671,0.0,0.0,0.0,0.0,0.0,0.0,0.0,0.0,0.0,0.0,0.0,0.0,0.0,0.0,0.0
hybrid,retrieval_filter,reference retrieval fused with BM25 lexical search (RRF),fixed_512_overlap64,5,BAAI/bge-base-en-v1.5,,,,,150,114,1.2,0.10111111111111112,0.29468107779216113,0.0,0.0,1.0,0.22777777777777777,0.40889470459178306,0.0,0.0,1.0,0.29444444444444445,0.44261133900394434,0.0,0.0,1.0,0.29444444444444445,0.44261133900394434,0.0,0.0,1.0,0.17259259259259258,0.31100550611681566,0.0,0.0,1.0,0.0,0.0,0.0,0.0,0.0,0.0,0.0,0.0,0.0,0.0,0.09408713765442368,0.07342577078895005,0.09085107222199434,-0.0525801479816436,0.4865743517875671,0.0,0.0,0.0,0.0,0.0,0.0,0.0,0.0,0.0,0.0,0.0,0.0,0.0,0.0,0.0,0.12426900584795322,0.32193750615699623,0.0,0.0,1.0,0.2909356725146199,0.4416890145783564,0.0,0.0,1.0,0.3786549707602339,0.46893941284563506,0.0,0.0,1.0,0.3786549707602339,0.46893941284563506,0.0,0.0,1.0,0.2183235867446394,0.331880379622754,0.0,0.0,1.0,0.0,0.0,0.0,0.0,0.0,0.0,0.0,0.0,0.0,0.0,0.0921531599341777,0.07778685351645102,0.08506362512707705,-0.0525801479816436,0.4865743517875671,0.0,0.0,0.0,0.0,0.0,0.0,0.0,0.0,0.0,0.0,0.0,0.0,0.0,0.0,0.0
