question,generated_answer,ground_truth_answer,num_retrieved,recall@1,precision@1,recall@3,precision@3,recall@5,precision@5,recall@10,precision@10,mrr,rouge_l,exact_match,semantic_similarity,citation_precision,citation_recall,citation_f1,has_refusal,question_type,doc_name,answerable
What is the FY2018 capital expenditure amount (in USD millions) for 3M? Give a response to the question by relying on the details shown in the cash flow statement.,"The FY2018 capital expenditure amount for 3M is $1,461 million.
[3M_2015_10K_c138]",$1577.00,5,0.0,0.0,0.0,0.0,0.0,0.0,0.0,0.0,0.0,0.0,0.0,0.2271253168582916,1.0,0.8,0.888888888888889,False,metrics-generated,3M_2018_10K,True
Assume that you are a public equities analyst. Answer the following question by primarily using information that is shown in the balance sheet: what is the year end FY2018 net PPNE for 3M? Answer in USD billions.,Not enough information in the provided context.,$8.70,5,0.0,0.0,0.0,0.0,0.0,0.0,0.0,0.0,0.0,0.0,0.0,0.0186996720731258,0.0,0.0,0.0,False,metrics-generated,3M_2018_10K,True
Is 3M a capital-intensive business based on FY2022 data?,Not enough information in the provided context.,"No, the company is managing its CAPEX and Fixed Assets pretty efficiently, which is evident from below key metrics:
CAPEX/Revenue Ratio: 5.1%
Fixed assets/Total Assets: 20%
Return on Assets= 12.4%",5,0.0,0.0,0.0,0.0,0.0,0.0,0.0,0.0,0.0,0.048780487804878,0.0,0.1113166436553001,0.0,0.0,0.0,False,domain-relevant,3M_2022_10K,True
"What drove operating margin change as of FY2022 for 3M? If operating margin is not a useful metric for a company like this, then please state that and explain why.","For FY2022, there is no information regarding 3M's operating margin change in the provided excerpts. The available excerpt for 3M ([3M_2020_10K_c102]) only details the reconciliation of operating income margins for the years ended December 31, 2020 and 2019.

[3M_2020_10K_c102]","Operating Margin for 3M in FY2022 has decreased by 1.7% primarily due to: 
-Decrease in gross Margin
-mostly one-off charges including Combat Arms Earplugs litigation, impairment related to exiting PFAS manufacturing, costs related to exiting Russia and divestiture-related restructuring
charges",5,0.0,0.0,0.0,0.0,0.0,0.0,0.0,0.0,0.0,0.1348314606741573,0.0,0.7529425024986267,1.0,0.2,0.3333333333333333,False,domain-relevant,3M_2022_10K,True
"If we exclude the impact of M&A, which segment has dragged down 3M's overall growth in 2022?",Not enough information in the provided context.,The consumer segment shrunk by 0.9% organically.,5,1.0,1.0,1.0,1.0,1.0,0.8,1.0,0.8,1.0,0.1333333333333333,0.0,0.1193578094244003,0.0,0.0,0.0,False,novel-generated,3M_2022_10K,True
"Does 3M have a reasonably healthy liquidity profile based on its quick ratio for Q2 of FY2023? If the quick ratio is not relevant to measure liquidity, please state that and explain why.","Not enough information in the provided context. The excerpts do not contain financial data for Q2 of FY2023, nor do they provide a quick ratio or explicitly state that the quick ratio is irrelevant to measuring liquidity.","No. The quick ratio for 3M was 0.96 by Jun'23 close, which needs a bit of an improvement to touch the 1x mark",5,0.0,0.0,0.0,0.0,0.0,0.0,0.0,0.0,0.0,0.1290322580645161,0.0,0.3691967129707336,0.0,0.2,0.0,False,domain-relevant,3M_2023Q2_10Q,True
Which debt securities are registered to trade on a national securities exchange under 3M's name as of Q2 of 2023?,Not enough information in the provided context.,"Following debt securities registered under 3M's name are listed to trade on the New York Stock Exchange:
-1.500% Notes due 2026 (Trading Symbol: MMM26)
-1.750% Notes due 2030 (Trading Symbol: MMM30)
-1.500% Notes due 2031 (Trading Symbol: MMM31)",5,0.0,0.0,0.0,0.0,0.0,0.0,0.0,0.0,0.0,0.0408163265306122,0.0,0.0739579051733017,0.0,0.0,0.0,False,domain-relevant,3M_2023Q2_10Q,True
Does 3M maintain a stable trend of dividend distribution?,"Yes, 3M maintains a stable trend of dividend distribution.
[3M_2016_10K_c69]
[3M_2017_10K_c84]
[3M_2016_10K_c160]
[3M_2015_10K_c63]","Yes, not only they distribute the dividends on a routine basis, 3M has also been increasing the per share dividend for consecutive 65 years",5,1.0,1.0,1.0,1.0,1.0,0.8,1.0,0.8,1.0,0.1224489795918367,0.0,0.7668387293815613,1.0,0.0,0.0,False,novel-generated,3M_2023Q2_10Q,True
What is the quantity of restructuring costs directly outlined in AES Corporation's income statements for FY2022? If restructuring costs are not explicitly outlined then state 0.,0 [AES_2018_10K_c288],0,5,0.0,0.0,0.0,0.0,0.0,0.0,0.0,0.0,0.0,0.3333333333333333,0.0,0.5579892992973328,1.0,0.2,0.3333333333333333,False,domain-relevant,AES_2022_10K,True
Roughly how many times has AES Corporation sold its inventory in FY2022? Calculate inventory turnover ratio for the FY2022; if conventional inventory management is not meaningful for the company then state that and explain why.,"Not enough information in the provided context.

The excerpts provide inventory balances for 2015, 2016, and 2019 through 2022 (specifically $630 million for 2016 and $675 million for 2015), but they do not contain the Cost of Goods Sold (COGS) or Sales figures required to calculate the inventory turnover ratio. Additionally, the excerpts do not explicitly state whether conventional inventory management is meaningful for AES Corporation.",AES has converted inventory 9.5 times in FY 2022.,5,0.0,0.0,0.0,0.0,0.0,0.0,0.0,0.0,0.0,0.0526315789473684,0.0,0.5251145958900452,0.0,0.4,0.0,False,domain-relevant,AES_2022_10K,True
"Based on the information provided primarily in the statement of financial position and the statement of income, what is AES's FY2022 return on assets (ROA)? ROA is defined as: FY2022 net income / (average total assets between FY2021 and FY2022). Round your answer to two decimal places.",Not enough information in the provided context.,-0.02,5,0.0,0.0,0.0,0.0,0.0,0.0,0.0,0.0,0.0,0.0,0.0,0.054513681679964,0.0,0.0,0.0,False,metrics-generated,AES_2022_10K,True
What is Amazon's FY2017 days payable outstanding (DPO)? DPO is defined as: 365 * (average accounts payable between FY2016 and FY2017) / (FY2017 COGS + change in inventory between FY2016 and FY2017). Round your answer to two decimal places. Address the question by using the line items and information shown within the balance sheet and the P&L statement.,Not enough information in the provided context.,93.86,5,0.0,0.0,0.5,0.3333333333333333,0.5,0.4,0.5,0.4,0.1666666666666666,0.0,0.0,0.1285624802112579,0.0,0.0,0.0,False,metrics-generated,AMAZON_2017_10K,True
What is Amazon's year-over-year change in revenue from FY2016 to FY2017 (in units of percents and round to one decimal place)? Calculate what was asked by utilizing the line items clearly shown in the statement of income.,"Amazon's revenue for FY2016 was $59,637 million and for FY2017 was $84,046 million. The year-over-year change is 41.0%.

[AMAZON_2017_10K_c109]
Sales | 2016 | 2017
---|---|---
$59,637 | $84,046",30.8%,5,0.0,0.0,1.0,0.3333333333333333,1.0,0.2,1.0,0.2,0.5,0.0,0.0,0.2228085994720459,1.0,0.4,0.5714285714285715,False,metrics-generated,AMAZON_2017_10K,True
"By drawing conclusions from the information stated only in the income statement, what is Amazon's FY2019 net income attributable to shareholders (in USD millions)?","Amazon's FY2019 net income attributable to shareholders was $11,588 million.
[AMAZON_2021_10K_c119]",$11588.00,5,1.0,1.0,1.0,0.6666666666666666,1.0,0.8,1.0,0.8,1.0,0.0,0.0,0.329251766204834,1.0,0.4,0.5714285714285715,False,metrics-generated,AMAZON_2019_10K,True
What is Amcor's year end FY2020 net AR (in USD millions)? Address the question by adopting the perspective of a financial analyst who can only use the details shown within the balance sheet.,Not enough information in the provided context.,$1616.00,5,0.0,0.0,0.0,0.0,0.0,0.0,0.0,0.0,0.0,0.0,0.0,0.0737032890319824,0.0,0.0,0.0,False,metrics-generated,AMCOR_2020_10K,True
What was the key agenda of the AMCOR's 8k filing dated 1st July 2022?,Not enough information in the provided context.,"Amcor Finance (USA), Inc. and Amcor Flexibles North America, Inc., entered into supplemental indentures relating to Guaranteed Senior Notes due 2026 and 2028. This involved the substitution of the Substitute Issuer (Amcor Flexibles North America) for the Former Issuer (Amcor Finance) and the assumption of covenants under the indentures. (In essence a novation agreement)",5,0.0,0.0,0.0,0.0,0.0,0.0,0.0,0.0,0.0,0.0327868852459016,0.0,0.0650468468666076,0.0,0.0,0.0,False,novel-generated,AMCOR_2022_8K_dated-2022-07-01,True
"Has AMCOR's quick ratio improved or declined between FY2023 and FY2022? If the quick ratio is not something that a financial analyst would ask about a company like this, then state that and explain why.","Not enough information in the provided context. The excerpts do not contain financial data for FY2023 or FY2022, nor do they include a quick ratio or any balance sheet items (such as current assets excluding inventory and current liabilities) required to calculate it.",The quick ratio has slightly improved from 0.67 times to 0.69 times between FY 2023 and FY 2022.(3.4% jump),5,0.0,0.0,0.0,0.0,0.0,0.0,0.0,0.0,0.0,0.1212121212121212,0.0,0.4613980650901794,0.0,0.4,0.0,False,domain-relevant,AMCOR_2023_10K,True
"What are major acquisitions that AMCOR has done in FY2023, FY2022 and FY2021?",Not enough information in the provided context.,"Amcor completed these acquisitions during FY2023:
-100% equity interest of a flexibles manufacturing company in the Czech Republic
- 100% equity interest in a medical device packaging manufacturing site in
Shanghai, China.
-acquisition of a New Zealand-based leading manufacturer of state-of-the-art, automated protein
packaging machines.",5,0.0,0.0,0.0,0.0,0.0,0.0,0.0,0.0,0.0,0.0727272727272727,0.0,0.1443490087985992,0.0,0.0,0.0,False,domain-relevant,AMCOR_2023_10K,True
What industry does AMCOR primarily operate in?,"AMCOR primarily operates in the packaging industry, providing flexible and rigid packaging, specialty cartons, closures, and services to protect products, differentiate brands, and improve supply chains [AMCOR_2023Q4_EARNINGS_c18].",Amcor is a global leader in packaging production for various use cases.,5,0.0,0.0,0.0,0.0,0.0,0.0,0.0,0.0,0.0,0.1904761904761904,0.0,0.8306064605712891,1.0,0.2,0.3333333333333333,False,domain-relevant,AMCOR_2023_10K,True
"Does AMCOR have an improving gross margin profile as of FY2023? If gross margin is not a useful metric for a company like this, then state that and explain why.","Not enough information in the provided context. The excerpts for AMCOR cover fiscal years 2019, 2020, and 2021, but do not contain data or statements regarding FY2023 gross margins or any future projections beyond that period.",No. For AMCOR there has been a slight decline in gross margins by 0.8%.,5,0.0,0.0,0.0,0.0,0.0,0.0,0.0,0.0,0.0,0.1568627450980392,0.0,0.7250128388404846,0.0,0.6,0.0,False,domain-relevant,AMCOR_2023_10K,True
What is the nature & purpose of AMCOR's restructuring liability as oF Q2 of FY2023 close?,Not enough information in the provided context.,87% of the total restructuring liability is related Employee liabilities.,5,0.0,0.0,0.0,0.0,0.0,0.0,0.0,0.0,0.0,0.1176470588235294,0.0,0.1943832039833068,0.0,0.2,0.0,False,novel-generated,AMCOR_2023Q2_10Q,True
What Was AMCOR's Adjusted Non GAAP EBITDA for FY 2023,Not enough information in the provided context.,"AMCOR's Adj. EBITDA was $2,018mn in FY 2023",5,0.0,0.0,0.0,0.0,0.0,0.0,0.0,0.0,0.0,0.1176470588235294,0.0,0.1660251170396804,0.0,0.0,0.0,False,novel-generated,AMCOR_2023Q4_EARNINGS,True
"How much was the Real change in Sales for AMCOR in FY 2023 vs FY 2022, if we exclude the impact of FX movement, passthrough costs and one-off items?",Not enough information in the provided context.,The Real Growth was flat in FY 2023 vs FY 2022.,5,1.0,1.0,1.0,0.3333333333333333,1.0,0.2,1.0,0.2,1.0,0.1111111111111111,0.0,0.1041249185800552,0.0,0.0,0.0,False,novel-generated,AMCOR_2023Q4_EARNINGS,True
"Does AMD have a reasonably healthy liquidity profile based on its quick ratio for FY22? If the quick ratio is not relevant to measure liquidity, please state that and explain why.","Not enough information in the provided context. The excerpts for AMD (AMD_2022_10K_c8 and AMD_2022_10K_c150) do not contain a quick ratio figure, nor do they provide the specific balance sheet line items (current assets minus inventory divided by current liabilities) required to calculate it. Additionally, the excerpt for PFIZER_2018_10K_c1155 mentions ""Working capital"" but does not explicitly state or define a ""quick ratio,"" making it impossible to confirm if AMD uses this metric or what its value is based solely on the provided text.","Yes. The quick ratio is 1.57, calculated as (cash and cash equivalents+Short term investments+Accounts receivable, net+receivables from related parties)/ (current liabilities).",5,0.0,0.0,0.0,0.0,0.0,0.0,0.0,0.0,0.0,0.0862068965517241,0.0,0.588575005531311,0.0,0.2,0.0,False,domain-relevant,AMD_2022_10K,True
What are the major products and services that AMD sells as of FY22?,"As of FY22, AMD's products include x86 microprocessors (CPUs), graphics processing units (GPUs) as standalone devices or incorporated into accelerated processing units (APUs), chipsets, data center and professional GPUs, embedded processors, semi-custom System-on-Chip (SoC) products, microprocessor and SoC development services and technology, data processing units (DPUs), Field Programmable Gate Arrays (FPGAs), Adaptive SoC products, discrete GPUs, and embedded CPUs, GPUs, APUs, FPGAs, and Adaptive SoC products [AMD_2022_10K_c201]. AMD also offers development services for desktop and notebook personal computers, consumer graphics market (Radeon graphics), professional graphics products (Radeon PRO graphics), and data center graphics (Radeon Instinct, Radeon PRO V-series, AMD Instinct accelerators) [AMD_2022_10K_c33].","AMD sells server microprocessors (CPUs) and graphics processing units (GPUs), data processing units (DPUs), Field Programmable Gate Arrays (FPGAs), and Adaptive System-on-Chip (SoC) products for data centers; CPUs, accelerated processing units (APUs) that integrate CPUs and GPUs, and chipsets for desktop and notebook personal computers; discrete GPUs, and semi-custom SoC products and development services; and embedded CPUs, GPUs, APUs, FPGAs, and Adaptive SoC products.",5,1.0,1.0,1.0,0.6666666666666666,1.0,0.4,1.0,0.4,1.0,0.3444444444444444,0.0,0.8588959574699402,1.0,0.8,0.888888888888889,False,domain-relevant,AMD_2022_10K,True
What drove revenue change as of the FY22 for AMD?,"Net revenue for 2022 increased by $44% compared to 2021, driven primarily by a 64% increase in Data Center segment revenue due to higher sales of EPYC™ server processors, a 21% increase in Gaming segment revenue due to higher semi-custom product sales, and a significant increase in Embedded segment revenue from the inclusion of Xilinx embedded product sales. This growth was partially offset by a 10% decrease in Client segment revenue primarily due to lower processor shipments driven by a weak PC market and significant inventory correction actions across the PC supply chain [AMD_2022_10K_c152].","In 2022, AMD reported Higher sales of their EPYC server processors, higher semi-custom product sales, and the inclusion of Xilinx embedded product sales",5,0.0,0.0,1.0,0.3333333333333333,1.0,0.2,1.0,0.2,0.3333333333333333,0.3278688524590165,0.0,0.7934938669204712,1.0,0.6,0.7499999999999999,False,domain-relevant,AMD_2022_10K,True
"What drove operating margin change as of the FY22 for AMD? If operating margin is not a useful metric for a company like this, then please state that and explain why.","Not enough information in the provided context. The excerpts contain financial data for Intel, Oracle, and AES Corporation, but do not include any filings or statements regarding AMD's operating margin changes for FY22.",The decrease in AMD's operating income was primarily driven by amortization of intangible assets associated with the Xilinx acquisition,5,0.0,0.0,0.0,0.0,0.0,0.0,0.0,0.0,0.0,0.1481481481481481,0.0,0.5055173635482788,0.0,0.4,0.0,False,domain-relevant,AMD_2022_10K,True
"Among operations, investing, and financing activities, which brought in the most (or lost the least) cash flow for AMD in FY22?","For AMD in FY22, the most cash flow was brought in by operating activities ($6.8 billion), while investing activities resulted in the least cash flow (a loss of $1.3 billion).

[AMD_2022_10K_c200]","In 2022, AMD brought in the most cashflow from Operations",5,0.0,0.0,0.0,0.0,0.0,0.0,0.0,0.0,0.0,0.2173913043478261,0.0,0.7758840918540955,1.0,0.8,0.888888888888889,False,domain-relevant,AMD_2022_10K,True
"From FY21 to FY22, excluding Embedded, in which AMD reporting segment did sales proportionally increase the most?",All Other,Data Center,5,0.0,0.0,0.0,0.0,0.0,0.0,0.0,0.0,0.0,0.0,0.0,0.1352998316287994,0.0,0.2,0.0,False,novel-generated,AMD_2022_10K,True
Did AMD report customer concentration in FY22?,"Yes, AMD reported that a small number of customers will continue to account for a substantial part of its revenue in the future. [AMD_2022_10K_c8]","Yes, one customer accounted for 16% of consolidated net revenue",5,0.0,0.0,0.0,0.0,0.0,0.0,0.0,0.0,0.0,0.3243243243243243,0.0,0.5211154222488403,1.0,0.0,0.0,False,novel-generated,AMD_2022_10K,True
Which debt securities are registered to trade on a national securities exchange under American Express' name as of 2022?,Common Shares (par value $0.20 per Share) are registered to trade on the New York Stock Exchange under American Express' name as of 2022 [AMERICANEXPRESS_2022_10K_c0].,There are none,5,1.0,1.0,1.0,0.3333333333333333,1.0,0.2,1.0,0.2,1.0,0.0625,0.0,0.0012574791908264,1.0,0.4,0.5714285714285715,False,domain-relevant,AMERICANEXPRESS_2022_10K,True
What are the geographies that American Express primarily operates in as of 2022?,"As of 2022, American Express primarily operates in the United States, outside the United States (including the United Kingdom, Japan, the European Union, Australia, Canada, and Mexico), Argentina, France, Italy, Sweden, Netherlands, Switzerland, China, Taiwan, Hong Kong, India, Malaysia, Spain, Brazil, Indonesia, and Mexico. [AMERICANEXPRESS_2022_10K_c465]","United States, EMEA, APAC, and LACC",5,0.0,0.0,0.0,0.0,0.0,0.0,0.0,0.0,0.0,0.1111111111111111,0.0,0.3974120616912842,1.0,0.6,0.7499999999999999,False,domain-relevant,AMERICANEXPRESS_2022_10K,True
"Does AMEX have an improving operating margin profile as of 2022? If operating margin is not a useful metric for a company like this, then state that and explain why.",Not enough information in the provided context.,Performance is not measured through operating margin,5,0.0,0.0,0.0,0.0,0.0,0.0,0.0,0.0,0.0,0.1428571428571428,0.0,0.220779538154602,0.0,0.0,0.0,False,domain-relevant,AMERICANEXPRESS_2022_10K,True
"What drove gross margin change as of the FY2022 for American Express? If gross margin is not a useful metric for a company like this, then please state that and explain why.","Not enough information in the provided context. The excerpts discuss gross margin drivers for Apple Inc. and Costco, but do not contain any financial data or analysis regarding American Express.",Performance is not measured through gross margin,5,0.0,0.0,0.0,0.0,0.0,0.0,0.0,0.0,0.0,0.1621621621621621,0.0,0.512505054473877,0.0,0.4,0.0,False,domain-relevant,AMERICANEXPRESS_2022_10K,True
How much has the effective tax rate of American Express changed between FY2021 and FY2022?,"The effective tax rate of American Express decreased from 24.6% in FY2021 to 21.6% in FY2022, a reduction of 3.0 percentage points [AMERICANEXPRESS_2022_10K_c175].",The effective tax rate for American Express has changed/dropped from 24.6% in FY 2021 to 21.6% in FY 2022.,5,0.0,0.0,0.0,0.0,0.0,0.0,0.0,0.0,0.0,0.5882352941176471,0.0,0.9021737575531006,1.0,0.6,0.7499999999999999,False,domain-relevant,AMERICANEXPRESS_2022_10K,True
What was the largest liability in American Express's Balance Sheet in 2022?,Not enough information in the provided context.,Customer deposits,5,0.0,0.0,0.0,0.0,0.0,0.0,0.0,0.0,0.0,0.0,0.0,0.1474944204092025,0.0,0.0,0.0,False,novel-generated,AMERICANEXPRESS_2022_10K,True
Was American Express able to retain card members during 2022?,"The provided excerpts do not contain information regarding American Express's ability to retain card members during 2022. The text mentions colleague retention and a survey where 92 percent of colleagues would recommend the company as a place to work, but it does not provide data on card member retention rates or specific initiatives aimed at retaining card members [AMERICANEXPRESS_2022_10K_c21]. Not enough information in the provided context.",Yes,5,0.0,0.0,0.0,0.0,0.0,0.0,0.0,0.0,0.0,0.0,0.0,0.032837726175785,1.0,0.4,0.5714285714285715,False,novel-generated,AMERICANEXPRESS_2022_10K,True
How much (in USD billions) did American Water Works pay out in cash dividends for FY2020? Compute or extract the answer by primarily using the details outlined in the statement of cash flows.,Not enough information in the provided context.,$0.40,5,0.0,0.0,0.0,0.0,0.0,0.0,0.0,0.0,0.0,0.0,0.0,0.1048608422279357,0.0,0.0,0.0,False,metrics-generated,AMERICANWATERWORKS_2020_10K,True
"Basing your judgments off of the cash flow statement and the income statement, what is American Water Works's FY2021 unadjusted operating income + depreciation and amortization from the cash flow statement (unadjusted EBITDA) in USD millions?","Net income for FY2021 was $1,263 million and depreciation and amortization was $636 million.
[AMERICANWATERWORKS_2021_10K_c328]
Unadjusted EBITDA is $1,900 million ($1,263 + $636).",$1832.00,5,0.5,1.0,0.5,1.0,0.5,0.8,0.5,0.8,0.5,0.0,0.0,0.355877935886383,1.0,0.4,0.5714285714285715,False,metrics-generated,AMERICANWATERWORKS_2021_10K,True
"Does American Water Works have positive working capital based on FY2022 data? If working capital is not a useful or relevant metric for this company, then please state that and explain why.",Not enough information in the provided context.,"No, American Water Works had negative working capital of -$1561M in FY 2022.",5,0.0,0.0,0.0,0.0,0.0,0.0,0.0,0.0,0.0,0.1,0.0,0.1143573150038719,0.0,0.0,0.0,False,domain-relevant,AMERICANWATERWORKS_2022_10K,True
"In agreement with the information outlined in the income statement, what is the FY2015 - FY2017 3 year average net profit margin (as a %) for Best Buy? Answer in units of percents and round to one decimal place.","To calculate the 3-year average net profit margin for FY2015, FY2016, and FY2017:

**FY2017:**
*   Net Earnings (from continuing operations): $999 million [BESTBUY_2018_10K_c77]
*   Revenue: $42,151 million [BESTBUY_2018_10K_c77]
*   Margin: ($999 / $42,151) * 100 = 2.37%

**FY2016:**
*   Net Earnings (from continuing operations): $1,207 million [BESTBUY_2018_10K_c77]
*   Revenue: $39,403 million [BESTBUY_2018_10K_c77]
*   Margin: ($1,207 / $39,403) * 100 = 3.06%

**FY2015:**
*   Net Earnings (from continuing operations): $807 million",2.8%,5,0.0,0.0,0.0,0.0,0.0,0.0,0.0,0.0,0.0,0.025,0.0,0.228980079293251,1.0,1.0,1.0,False,metrics-generated,BESTBUY_2017_10K,True
What is the year end FY2019 total amount of inventories for Best Buy? Answer in USD millions. Base your judgments on the information provided primarily in the balance sheet.,Not enough information in the provided context.,$5409.00,5,0.0,0.0,0.0,0.0,0.0,0.0,0.0,0.0,0.0,0.0,0.0,0.1175653636455535,0.0,0.0,0.0,False,metrics-generated,BESTBUY_2019_10K,True
"Are Best Buy's gross margins historically consistent (not fluctuating more than roughly 2% each year)? If gross margins are not a relevant metric for a company like this, then please state that and explain why.",Not enough information in the provided context.,"Yes, the margins have been consistent, there has been a minor decline of 1.1% in gross margins between FY2022 and FY2023.",5,0.0,0.0,0.0,0.0,0.0,0.0,0.0,0.0,0.0,0.0689655172413793,0.0,0.0958820208907127,0.0,0.0,0.0,False,domain-relevant,BESTBUY_2023_10K,True
"What are major acquisitions that Best Buy has done in FY2023, FY2022 and FY2021?",Not enough information in the provided context.,"Best Buy closed two acquisitions, both these companies were already partially owned by Best Buy, but Best Buy acquired all outstanding shares of these two companies during FY 2022: (1) Current Health Ltd and (2) Two Peaks, LLC d/b/a Yardbird Furniture",5,0.0,0.0,0.0,0.0,0.0,0.0,0.0,0.0,0.0,0.0,0.0,-0.0024017021059989,0.0,0.0,0.0,False,domain-relevant,BESTBUY_2023_10K,True
"Among operations, investing, and financing activities, which brought in the most (or lost the least) cash flow for Best Buy in FY2023?",Not enough information in the provided context.,Best Buy generated the most cash flow from operating activities in FY 2023 ($1.8 bn),5,0.0,0.0,0.0,0.0,0.0,0.0,0.0,0.0,0.0,0.0869565217391304,0.0,0.074326679110527,0.0,0.0,0.0,False,domain-relevant,BESTBUY_2023_10K,True
Was there any drop in Cash & Cash equivalents between FY 2023 and Q2 of FY2024?,Not enough information in the provided context.,"Yes, there was a decline of ~42% between FY2023 and Q2 of FY 2024.",5,0.0,0.0,0.0,0.0,0.0,0.0,0.0,0.0,0.0,0.0,0.0,0.1369590014219284,0.0,0.0,0.0,False,novel-generated,BESTBUY_2024Q2_10Q,True
Was there any change in the number of Best Buy stores between Q2 of FY2024 and FY2023?,"Yes, the number of Best Buy stores increased from 930 at the end of Q2 FY2023 to 907 at the end of Q2 FY2024. [BESTBUY_2024Q2_10Q_c52]","Yes, there is decline in number stores by 1.32% from 982 stores in Q2 FY 2023 to 969 by the end of Q2 FY2024.",5,0.0,0.0,0.0,0.0,1.0,0.2,1.0,0.2,0.25,0.4150943396226415,0.0,0.7162703275680542,1.0,0.8,0.888888888888889,False,novel-generated,BESTBUY_2024Q2_10Q,True
Which Best Buy product category performed the best (by top line) in the domestic (USA) Market during Q2 of FY2024?,Not enough information in the provided context.,"The entertainment segment experienced the highest growth of 9% during Q2 FY2024, primarily from gaming division.",5,0.0,0.0,0.0,0.0,0.0,0.0,0.0,0.0,0.0,0.0869565217391304,0.0,0.0923375263810157,0.0,0.0,0.0,False,novel-generated,BESTBUY_2024Q2_10Q,True
"Considering the data in the balance sheet, what is Block's (formerly known as Square) FY2016 working capital ratio? Define working capital ratio as total current assets divided by total current liabilities. Round your answer to two decimal places.",Not enough information in the provided context.,1.73,5,0.0,0.0,0.0,0.0,0.0,0.0,0.0,0.0,0.0,0.0,0.0,0.0112797543406486,0.0,0.2,0.0,False,metrics-generated,BLOCK_2016_10K,True
What is the FY2019 - FY2020 total revenue growth rate for Block (formerly known as Square)? Answer in units of percents and round to one decimal place. Approach the question asked by assuming the standpoint of an investment banking analyst who only has access to the statement of income.,"The FY2019 total net revenue was $3,298,177 thousand and the FY2020 total net revenue was $9,497,578 thousand. The growth rate is calculated as (($9,497,578 - $3,298,177) / $3,298,177) * 100 = 187.9%. [BLOCK_2020_10K_c292]",101.5%,5,0.0,0.0,0.0,0.0,0.0,0.0,0.0,0.0,0.0,0.0,0.0,0.2287284731864929,1.0,0.0,0.0,False,metrics-generated,BLOCK_2020_10K,True
"Using the cash flow statement, answer the following question to the best of your abilities: how much did Block (formerly known as Square) generate in cash flow from operating activities in FY2020? Answer in USD millions.",Not enough information in the provided context.,$382.00,5,0.0,0.0,0.0,0.0,0.0,0.0,0.0,0.0,0.0,0.0,0.0,0.0818986594676971,0.0,0.0,0.0,False,metrics-generated,BLOCK_2020_10K,True
"We need to calculate a financial metric by using information only provided within the balance sheet. Please answer the following question: what is Boeing's year end FY2018 net property, plant, and equipment (in USD millions)?","Boeing's year-end FY2018 net property, plant, and equipment was $12,502 million.
[BOEING_2020_10K_c191]",$12645.00,5,1.0,1.0,1.0,0.3333333333333333,1.0,0.2,1.0,0.2,1.0,0.0,0.0,0.3443362414836883,1.0,0.0,0.0,False,metrics-generated,BOEING_2018_10K,True
Are there any product categories / service categories that represent more than 20% of Boeing's revenue for FY2022?,"Yes. In FY2022, the Commercial Airplanes segment represented approximately 38.8% of total revenues ($25,867 million out of $66,608 million), and the Defense, Space & Security segment represented approximately 34.8% ($23,162 million out of $66,608 million). Both categories exceed 20%. [BOEING_2022_10K_c169]","Yes. Boeing has product and service categories that represent more than 20% of Boeing's revenue for FY2022. These categories are Commercial Airplanes which comprises 39% of total revenue, Defence which comprises 35% of total revenue and Services which comprises 26% of total revenue.",5,1.0,1.0,1.0,0.6666666666666666,1.0,0.6,1.0,0.6,1.0,0.217391304347826,0.0,0.846009373664856,1.0,0.2,0.3333333333333333,False,domain-relevant,BOEING_2022_10K,True
Has Boeing reported any materially important ongoing legal battles from FY2022?,"No, the provided excerpts do not contain information regarding legal battles from FY2022. The documents reference lawsuits and investigations related to accidents in 2018-2019 and a Deferred Prosecution Agreement entered into on January 6, 2021, but do not report any new or ongoing material legal battles for the fiscal year ending December 31, 2022.",Yes. Multiple lawsuits have been filed against Boeing resulting from a 2018 Lion Air crash and a 2019 Ethiopian Airlines crash.,5,0.0,0.0,1.0,0.3333333333333333,1.0,0.2,1.0,0.2,0.5,0.1052631578947368,0.0,0.4609355330467224,0.0,0.6,0.0,False,domain-relevant,BOEING_2022_10K,True
"Does Boeing have an improving gross margin profile as of FY2022? If gross margin is not a useful metric for a company like this, then state that and explain why.","Boeing does not have an improving gross margin profile as of FY2022; the company reported a loss from operations and negative operating margins across all years in the provided excerpts.

[BOEING_2018_10K_c77] Operating margins were 13.0% in 2018, 9.4% in 2017, and 3.3% in 2016.
[BOEING_2022_10K_c86] For the year ended December 31, 2022, Boeing reported a Loss from operations of ($2,370) million and Operating margins of (9.2)%.
[BOEING_2021_10K_c82] For the year ended December 31, 2021, Boeing reported a GAAP Loss from operations of ($2,902) million and Operating margins of (4.7)%.

Gross margin is not explicitly provided as a single consolidated metric in the excerpts; however, the company reports ""Operating margins"" which are negative or significantly lower than previous years, indicating deteriorating profitability rather than","Yes. Boeing has an improving gross margin profile as of FY2022. Gross profit improved from $3,017 million in FY2021 to $3,502 million in FY2022. Gross margin % improved from 4.8% in FY2021 to 5.3% in FY2022.",5,1.0,1.0,1.0,0.6666666666666666,1.0,0.6,1.0,0.6,1.0,0.1910112359550561,0.0,0.7785698175430298,1.0,0.6,0.7499999999999999,False,domain-relevant,BOEING_2022_10K,True
Who are the primary customers of Boeing as of FY2022?,Not enough information in the provided context.,Boeing's primary customers as of FY2022 are a limited number of commercial airlines and the US government. The US government accounted for 40% of Boeing's total revenues in FY2022.,5,0.3333333333333333,1.0,0.6666666666666666,0.6666666666666666,0.6666666666666666,0.4,0.6666666666666666,0.4,0.4444444444444444,0.0526315789473684,0.0,0.1048538014292717,0.0,0.0,0.0,False,domain-relevant,BOEING_2022_10K,True
Is Boeing's business subject to cyclicality?,"Yes, the airline industry is traditionally cyclical and very competitive. [BOEING_2019_10K_c24]","Yes, Boeing's business is subject to cyclicality due to its exposure to the airline industry which is a cyclical industry.",5,0.0,0.0,1.0,0.3333333333333333,1.0,0.2,1.0,0.2,0.3333333333333333,0.3428571428571428,0.0,0.8468328714370728,1.0,0.0,0.0,False,novel-generated,BOEING_2022_10K,True
What production rate changes is Boeing forecasting for FY2023?,"Boeing forecasts gradually increasing 787 production to 5 per month in 2023, resuming the paused 777X program in 2023, and gradually increasing 737 production rates based on market demand and supply chain capacity. [BOEING_2022_10K_c26]","Boeing forecasts an increase in the production rates for the 737, 777X and 787 aircrafts in 2023.",5,0.0,0.0,1.0,0.3333333333333333,1.0,0.2,1.0,0.2,0.5,0.2962962962962963,0.0,0.8884283304214478,1.0,0.4,0.5714285714285715,False,novel-generated,BOEING_2022_10K,True
How does Boeing's effective tax rate in FY2022 compare to FY2021?,Not enough information in the provided context.,"Effective tax rate in FY2022 was 0.62%, compared to  -14.76% in FY2021.",5,0.0,0.0,0.0,0.0,0.0,0.0,0.0,0.0,0.0,0.0952380952380952,0.0,0.0586428269743919,0.0,0.0,0.0,False,novel-generated,BOEING_2022_10K,True
What is the FY2017 return on assets (ROA) for Coca Cola? ROA is defined as: FY2017 net income / (average total assets between FY2016 and FY2017). Round your answer to two decimal places. Give a response to the question by relying on the details shown in the balance sheet and the P&L statement.,Not enough information in the provided context.,0.01,5,0.0,0.0,0.0,0.0,0.0,0.0,0.0,0.0,0.0,0.0,0.0,0.0957015603780746,0.0,0.0,0.0,False,metrics-generated,COCACOLA_2017_10K,True
What is Coca Cola's FY2021 COGS % margin? Calculate what was asked by utilizing the line items clearly shown in the income statement.,Not enough information in the provided context.,39.7%,5,0.0,0.0,0.0,0.0,0.0,0.0,0.0,0.0,0.0,0.0,0.0,0.1347802579402923,0.0,0.0,0.0,False,metrics-generated,COCACOLA_2021_10K,True
What is Coca Cola's FY2022 dividend payout ratio (using total cash dividends paid and net income attributable to shareholders)? Round answer to two decimal places. Answer the question asked by assuming you only have access to information clearly displayed in the cash flow statement and the income statement.,Not enough information in the provided context.,0.8,5,0.0,0.0,0.0,0.0,0.0,0.0,0.0,0.0,0.0,0.0,0.0,0.1270108520984649,0.0,0.0,0.0,False,metrics-generated,COCACOLA_2022_10K,True
"Based on the information provided primarily in the balance sheet and the statement of income, what is FY2020 days payable outstanding (DPO) for Corning? DPO is defined as: 365 * (average accounts payable between FY2019 and FY2020) / (FY2020 COGS + change in inventory between FY2019 and FY2020). Round your answer to two decimal places.",Not enough information in the provided context.,63.86,5,0.0,0.0,0.0,0.0,0.0,0.0,0.0,0.0,0.0,0.0,0.0,0.0837639644742012,0.0,0.0,0.0,False,metrics-generated,CORNING_2020_10K,True
"Taking into account the information outlined in the income statement, what is the FY2019 - FY2021 3 year average unadjusted operating income % margin for Corning? Answer in units of percents and round to one decimal place.","The 3-year average unadjusted operating income margin for Corning from FY2019 to FY2021 is 45.6%.

Calculation:
- FY2019 Operating Income Margin: $1,575 / $11,290 = 13.95% [CORNING_2020_10K_c209]
- FY2020 Operating Income Margin: $509 / $11,303 = 4.50% [CORNING_2020_10K_c209]
- FY2021 Operating Income Margin: Not explicitly stated in the provided excerpts; however, Net Sales ($14,082) and Gross Margin ($5,063) are given, but Operating Expenses (SG&A $1,827 + R&D $995) do not sum to the reported Operating Income of $509 for 2020 or allow direct calculation without missing expense data. Re-evaluating based on available explicit operating income figures:
    - FY2019 Operating Income: $1,575 [COR",10.3%,5,0.0,0.0,0.0,0.0,0.0,0.0,0.0,0.0,0.0,0.017391304347826,0.0,0.2591201663017273,1.0,0.2,0.3333333333333333,False,metrics-generated,CORNING_2021_10K,True
How much has the effective tax rate of Corning changed between FY2021 and FY2022?,"The provided excerpts do not contain the specific effective tax rate figures for FY2021 or FY2022 required to calculate the change.

Not enough information in the provided context.",The effective tax rate of Corning has changed from 20% in FY2021 to 23% in FY 2022.,5,0.0,0.0,0.0,0.0,0.0,0.0,0.0,0.0,0.0,0.3111111111111111,0.0,0.6966447830200195,0.0,0.0,0.0,False,domain-relevant,CORNING_2022_10K,True
"Does Corning have positive working capital based on FY2022 data? If working capital is not a useful or relevant metric for this company, then please state that and explain why.",Not enough information in the provided context.,Yes. Corning had a positive working capital amount of $831 million by FY 2022 close. This answer considers only operating current assets and current liabilities that were clearly shown in the balance sheet.,5,0.0,0.0,0.0,0.0,0.0,0.0,0.0,0.0,0.0,0.1,0.0,0.1530863046646118,0.0,0.0,0.0,False,domain-relevant,CORNING_2022_10K,True
"Using only the information within the balance sheet, how much total assets did Costco have at the end of FY2021? Answer in USD millions.",Not enough information in the provided context.,$59268.00,5,0.0,0.0,0.0,0.0,1.0,0.2,1.0,0.2,0.25,0.0,0.0,0.1023615896701812,0.0,0.0,0.0,False,metrics-generated,COSTCO_2021_10K,True
What is the FY2018 fixed asset turnover ratio for CVS Health? Fixed asset turnover ratio is defined as: FY2018 revenue / (average PP&E between FY2017 and FY2018). Round your answer to two decimal places. Calculate what was asked by utilizing the line items clearly shown in the P&L statement and the balance sheet.,Not enough information in the provided context.,17.98,5,0.0,0.0,0.0,0.0,0.0,0.0,0.0,0.0,0.0,0.0,0.0,0.1587632149457931,0.0,0.0,0.0,False,metrics-generated,CVSHEALTH_2018_10K,True
Is CVS Health a capital-intensive business based on FY2022 data?,Not enough information in the provided context.,"Yes, CVS Health requires an extensive asset base to operate, which is evident from its ROA of only 1.82% in 2022 and 3.39% in 2021, though it should be noted that a significant portion of this asset base is goodwill, and CVS's fixed assets/total assets ratio is on the lower side of 5.6%.",5,0.0,0.0,0.0,0.0,0.0,0.0,0.0,0.0,0.0,0.0615384615384615,0.0,0.1091107502579689,0.0,0.0,0.0,False,domain-relevant,CVSHEALTH_2022_10K,True
"Has CVS Health reported any materially important ongoing legal battles from 2022, 2021 and 2020?","Yes, CVS Health reported ongoing legal battles in 2022 involving lawsuits from various counties and municipalities in Pennsylvania (e.g., Counties of Clarion, Greene, Huntingdon, Westmoreland) and Illinois (Boone County), as well as a lawsuit by the Commonwealth of Pennsylvania against CVS Ind., L.L.C. [WALMART_2024Q1_10Q_c124][WALMART_2023_10K_c621][WALMART_2023_10K_c622].","Yes, CVS Health has been involved in multiple ongoing legal battles. Some notable legal dispute areas for CVS are: (1) usual and customary pricing litigation: where it's claimed that CVSâs retail pharmacies overcharged for prescription drugs; (2) PBM litigation and investigations: where it's claimed that that rebate agreements between the drug manufacturers and PBMs caused inflated prices for certain drug products; and (3) controlled substances litigation: legal matters around opioids for which CVS has agreed to pay up to $4.3 billion to claimants in remediation and $625 million to attorneys and fees",5,0.0,0.0,0.0,0.0,0.0,0.0,0.0,0.0,0.0,0.1298701298701298,0.0,0.7632755041122437,1.0,0.6,0.7499999999999999,False,domain-relevant,CVSHEALTH_2022_10K,True
Has CVS Health paid dividends to common shareholders in Q2 of FY2022?,"Yes, CVS Health paid a quarterly cash dividend of $0.55 per share in Q2 FY2022 [CVSHEALTH_2022_10K_c279].","Yes, CVS paid a $ 0.55 dividend per share every quarter in FY2022",5,1.0,1.0,1.0,1.0,1.0,1.0,1.0,1.0,1.0,0.6060606060606061,0.0,0.825715184211731,1.0,0.2,0.3333333333333333,False,domain-relevant,CVSHEALTH_2022_10K,True
What is the FY2019 cash conversion cycle (CCC) for General Mills? CCC is defined as: DIO + DSO - DPO. DIO is defined as: 365 * (average inventory between FY2018 and FY2019) / (FY2019 COGS). DSO is defined as: 365 * (average accounts receivable between FY2018 and FY2019) / (FY2019 Revenue). DPO is defined as: 365 * (average accounts payable between FY2018 and FY2019) / (FY2019 COGS + change in inventory between FY2018 and FY2019). Round your answer to two decimal places. Address the question by using the line items and information shown within the income statement and the balance sheet.,Not enough information in the provided context.,-3.7,5,0.0,0.0,0.0,0.0,0.0,0.0,0.0,0.0,0.0,0.0,0.0,-0.0214320309460163,0.0,0.0,0.0,False,metrics-generated,GENERALMILLS_2019_10K,True
"By drawing conclusions from the information stated only in the statement of financial position, what is General Mills's FY2020 working capital ratio? Define working capital ratio as total current assets divided by total current liabilities. Round your answer to two decimal places.",Not enough information in the provided context.,0.68,5,0.0,0.0,0.0,0.0,0.0,0.0,0.0,0.0,0.0,0.0,0.0,0.089478462934494,0.0,0.2,0.0,False,metrics-generated,GENERALMILLS_2020_10K,True
"According to the information provided in the statement of cash flows, what is the FY2020 free cash flow (FCF) for General Mills? FCF here is defined as: (cash from operations - capex). Answer in USD millions.",Not enough information in the provided context.,$3215.00,5,0.0,0.0,0.0,0.0,0.0,0.0,0.0,0.0,0.0,0.0,0.0,0.1098158955574035,0.0,0.2,0.0,False,metrics-generated,GENERALMILLS_2020_10K,True
We want to calculate a financial metric. Please help us compute it by basing your answers off of the cash flow statement and the income statement. Here's the question: what is the FY2022 retention ratio (using total cash dividends paid and net income attributable to shareholders) for General Mills? Round answer to two decimal places.,"The FY2022 retention ratio for General Mills is 91.75%.

**Calculation:**
*   **Net Income Attributable to General Mills (FY2022):** $2,707.3 million [GENERALMILLS_2023_annualreport_c143]
*   **Cash Dividends Declared (FY2022):** $1,246.4 million [GENERALMILLS_2023_annualreport_c143]
    *   *Note: The excerpt lists ""Cash dividends declared"" as the dividend amount paid.*
*   **Payout Ratio:** 1,246.4 / 2,707.3 = 0.4604 (or 46.04%)
*   **Retention Ratio:** 1 - Payout Ratio = 1 - 0.4604 = 0.5396... Wait, re-evaluating the data source for dividends vs paid.

**Correction based on strict excerpt analysis:**
The excerpt [GENERALMILLS_2023_annualreport_c143] shows ""Cash dividends declared",0.54,5,0.0,0.0,0.0,0.0,0.0,0.0,0.0,0.0,0.0,0.0198019801980198,0.0,0.1679126024246215,1.0,0.2,0.3333333333333333,False,metrics-generated,GENERALMILLS_2022_10K,True
Which of JPM's business segments had the lowest net revenue in 2021 Q1?,Not enough information in the provided context.,Corporate. Its net revenue was -$473 million.,5,0.0,0.0,0.0,0.0,1.0,0.2,1.0,0.2,0.25,0.0,0.0,0.1193371713161468,0.0,0.0,0.0,False,novel-generated,JPMORGAN_2021Q1_10Q,True
"If JPM went bankrupted by the end by 2021 Q1 and liquidated all of its assets to pay its shareholders, how much could each shareholder get?",Not enough information in the provided context.,They could receive $66.56 per share.,5,0.0,0.0,0.0,0.0,0.0,0.0,0.0,0.0,0.0,0.0,0.0,0.1295436322689056,0.0,0.0,0.0,False,novel-generated,JPMORGAN_2021Q1_10Q,True
"Are JPM's gross margins historically consistent (not fluctuating more than roughly 2% each year)? If gross margins are not a relevant metric for a company like this, then please state that and explain why.",Not enough information in the provided context.,"Since JPM is a financial institution, gross margin is not a relevant metric.",5,0.0,0.0,0.0,0.0,0.0,0.0,0.0,0.0,0.0,0.1,0.0,0.20745749771595,0.0,0.2,0.0,False,domain-relevant,JPMORGAN_2022_10K,True
"In 2022 Q2, which of JPM's business segments had the highest net income?",Not enough information in the provided context.,Corporate & Investment Bank. Its net income was $3725 million.,5,0.0,0.0,0.0,0.0,0.0,0.0,0.0,0.0,0.0,0.0,0.0,0.0854610353708267,0.0,0.0,0.0,False,novel-generated,JPMORGAN_2022Q2_10Q,True
"Looking at VaR, did the risk that JPM faced in the second fiscal quarter of 2023 decrease compared to the same period in the prior year?","No, the risk that JPM faced in the second fiscal quarter of 2023 did not decrease compared to the same period in the prior year. The provided excerpts only contain data for the three months ended March 31, 2023 (first quarter), and do not include information regarding the second fiscal quarter of 2023 or a comparison between that specific period and the prior year's corresponding period [JPMORGAN_2023Q1_10Q_c227].",Yes. It decreased.,5,0.0,0.0,0.0,0.0,1.0,0.2,1.0,0.2,0.2,0.027027027027027,0.0,0.3383970260620117,1.0,0.8,0.888888888888889,False,novel-generated,JPMORGAN_2023Q2_10Q,True
"Basing your judgments off of the balance sheet, what is the year end FY2018 amount of accounts payable for MGM Resorts? Answer in USD millions.",Not enough information in the provided context.,$303.00,5,0.0,0.0,0.0,0.0,0.0,0.0,0.0,0.0,0.0,0.0,0.0,0.0647242814302444,0.0,0.0,0.0,False,metrics-generated,MGMRESORTS_2018_10K,True
What is the FY2018 - FY2020 3 year average of capex as a % of revenue for MGM Resorts? Answer in units of percents and round to one decimal place. Please utilize information provided primarily within the statement of cash flows and the statement of income.,Not enough information in the provided context.,7.9%,5,0.0,0.0,0.0,0.0,0.0,0.0,0.0,0.0,0.0,0.0,0.0,0.1584279537200927,0.0,0.0,0.0,False,metrics-generated,MGMRESORTS_2020_10K,True
Has MGM Resorts paid dividends to common shareholders in FY2022?,No. The excerpts indicate that MGM Resorts suspended its ongoing regular dividends in Q4 2022 to focus on share repurchases [MGMRESORTS_2022Q4_EARNINGS_c15].,Yes. MGM maintained 0.01$ per share annual dividend through out FY 2022.,5,1.0,1.0,1.0,0.6666666666666666,1.0,0.4,1.0,0.4,1.0,0.1621621621621621,0.0,0.7376549243927002,1.0,0.2,0.3333333333333333,False,domain-relevant,MGMRESORTS_2022_10K,True
Which region had the Highest EBITDAR Contribution for MGM during FY2022?,Regional Operations had the highest EBITDAR contribution for MGM during FY2022 at $1.3 billion [MGMRESORTS_2022_10K_c161].,Las Vegas resorts contributed ~90% of company level EBITDAR during FY2022.,5,0.0,0.0,0.0,0.0,0.0,0.0,0.0,0.0,0.0,0.1999999999999999,0.0,0.5743176937103271,1.0,0.6,0.7499999999999999,False,novel-generated,MGMRESORTS_2022Q4_EARNINGS,True
What was MGM's interest coverage ratio using FY2022 Adjusted EBIT as the numerator and annual Interest Expense as the denominator?,Not enough information in the provided context.,"As adjusted EBIT is negative, coverage ratio is zero",5,0.0,0.0,0.0,0.0,0.0,0.0,0.0,0.0,0.0,0.0,0.0,0.1359774619340896,0.0,0.0,0.0,False,novel-generated,MGMRESORTS_2022Q4_EARNINGS,True
Which region had the worst topline performance for MGM during FY2022?,"MGM China had the worst topline performance for MGM during FY2022, with net revenues of $1.45 billion compared to $7.42 billion for Regional Operations and $3.19 billion for other regions combined [MGMRESORTS_2022Q4_EARNINGS_c13].",MGM China experienced the worst topline performance amongst the other regions presented. Its revenue declined 44% in FY2022 whereas the other regions presented increased their revenues.,5,0.0,0.0,1.0,0.3333333333333333,1.0,0.2,1.0,0.2,0.3333333333333333,0.28125,0.0,0.9113142490386964,1.0,0.2,0.3333333333333333,False,novel-generated,MGMRESORTS_2022Q4_EARNINGS,True
Which type of debt received the largest investment among the short term investments for MGM in H1 FY2023?,Not enough information in the provided context.,the biggest short term investment is in corporate bonds (almost 82% of the total investment),5,0.0,0.0,0.0,0.0,0.0,0.0,0.0,0.0,0.0,0.1818181818181818,0.0,0.0790133029222488,0.0,0.0,0.0,False,novel-generated,MGMRESORTS_2023Q2_10Q,True
We want to calculate a financial metric. Please help us compute it by basing your answers off of the statement of income and the statement of cash flows. Here's the question: what is the FY2015 unadjusted EBITDA % margin for Netflix? Calculate unadjusted EBITDA using unadjusted operating income and D&A (from cash flow statement).,"The FY2015 unadjusted EBITDA margin is 49.3%.

**Calculation:**
*   **Unadjusted Operating Income (FY2015):** $305,826 thousand [NETFLIX_2015_10K_c124]
*   **Depreciation and Amortization (D&A) (FY2015):** $9,810,719 thousand ($3,405,382 + $6,056,337 from implied data in cash flow statement adjustments for streaming content amortization and other D&A items not explicitly labeled as a single line item but derived from the sum of ""Amortization of streaming content assets"" and ""Depreciation and amortization of property, equipment and intangibles"" which are partially visible or inferred from standard reconciliation; however, strictly using provided text:
    *   Amortization of streaming content assets (FY2015): $3,405,382 thousand [NETFLIX_2015_10K_c126]
    *   Depreciation and amortization of property, equipment",5.4%,5,0.0,0.0,0.0,0.0,0.5,0.2,0.5,0.2,0.1,0.0,0.0,0.2462152242660522,1.0,0.6,0.7499999999999999,False,metrics-generated,NETFLIX_2015_10K,True
What is Netflix's year end FY2017 total current liabilities (in USD millions)? Base your judgments on the information provided primarily in the balance sheet.,"$5,466.31 million

[NETFLIX_2017_10K_c133]",$5466.00,5,1.0,1.0,1.0,1.0,1.0,0.8,1.0,0.8,1.0,0.0,0.0,0.4888046383857727,1.0,0.0,0.0,False,metrics-generated,NETFLIX_2017_10K,True
"We need to calculate a reasonable approximation (or exact number if possible) of a financial metric. Basing your judgment by information plainly provided in the statement of income, what is Nike's three year average of cost of goods sold as a % of revenue from FY2016 to FY2018? Answer in units of percents and round to one decimal place.",Not enough information in the provided context.,55.1%,5,0.0,0.0,0.0,0.0,0.0,0.0,0.0,0.0,0.0,0.0,0.0,0.1728636920452118,0.0,0.2,0.0,False,metrics-generated,NIKE_2018_10K,True
"According to the details clearly outlined within the balance sheet, how much total current assets did Nike have at the end of FY2019? Answer in USD millions.",Not enough information in the provided context.,$16525.00,5,1.0,1.0,1.0,1.0,1.0,0.8,1.0,0.8,1.0,0.0,0.0,0.122190810739994,0.0,0.0,0.0,False,metrics-generated,NIKE_2019_10K,True
"When primarily referencing the income statement and the statement of financial position, what is the FY2021 inventory turnover ratio for Nike? Inventory turnover ratio is defined as: (FY2021 COGS) / (average inventory between FY2020 and FY2021). Round your answer to two decimal places.",Not enough information in the provided context.,3.46,5,0.0,0.0,0.0,0.0,0.0,0.0,0.0,0.0,0.0,0.0,0.0,0.0876107588410377,0.0,0.2,0.0,False,metrics-generated,NIKE_2021_10K,True
"Among operations, investing, and financing activities, which brought in the most (or lost the least) cash flow for Nike in FY2023?","Based on the provided excerpts, **Cash provided by operations** brought in the most cash flow for Nike in FY2023.

*   **Cash provided by operations:** $4,680 million (from [NIKE_2015_10K_c227], which contains the 2015 data; however, the excerpt text does not contain FY2023 operating cash flow figures).
*   **Cash used by investing activities:** The excerpt states a net change in short-term investments resulted in a cash inflow of $1,481 million for fiscal 2023 (from [NIKE_2023_10K_c176]).
*   **Cash used by financing activities:** An outflow of $7,447 million for fiscal 2023 (from [NIKE_2023_10K_c176]).

**Not enough information in the provided context.** The excerpt [NIKE_2015_10K_c227] contains cash flow data only for the year ended May 31, 2015. No excerpt provides the specific ""Cash provided by operations","Among the three, cash flow from operations was the highest for Nike in FY2023.",5,1.0,1.0,1.0,0.3333333333333333,1.0,0.2,1.0,0.2,1.0,0.1224489795918367,0.0,0.7203154563903809,1.0,0.4,0.5714285714285715,False,domain-relevant,NIKE_2023_10K,True
"Does Paypal have positive working capital based on FY2022 data? If working capital is not a useful or relevant metric for this company, then please state that and explain why.",Not enough information in the provided context.,Yes. Paypal has a positive working capital of $ 1.6Bn as of FY2022 end.,5,0.0,0.0,0.0,0.0,0.0,0.0,0.0,0.0,0.0,0.0,0.0,0.0531364381313324,0.0,0.0,0.0,False,domain-relevant,PAYPAL_2022_10K,True
Did Pfizer grow its PPNE between FY20 and FY21?,Not enough information in the provided context.,"Yes, change in PPNE was positive year over year",5,0.0,0.0,0.0,0.0,0.0,0.0,0.0,0.0,0.0,0.125,0.0,0.1232109889388084,0.0,0.0,0.0,False,novel-generated,PFIZER_2021_10K,True
Were there any potential events that are not in Pfizer's standard business operations that substantially increased net income in 2019?,Not enough information in the provided context.,"Yes, the gain on completion of Consumer Healthcare JV Transaction",5,0.0,0.0,0.0,0.0,0.0,0.0,0.0,0.0,0.0,0.1176470588235294,0.0,0.1835965514183044,0.0,0.0,0.0,False,novel-generated,PFIZER_2021_10K,True
What are three main companies acquired by Pfizer mentioned in this 10K report?,"Array BioPharma Inc., Biohaven, and ReViral.
[PFIZER_2019_10K_c631] [PFIZER_2022_10K_c332]","Trillium, Array, and Therachon",5,0.5,1.0,0.5,0.3333333333333333,0.5,0.2,0.5,0.2,0.5,0.2222222222222222,0.0,0.0854427516460418,1.0,0.8,0.888888888888889,False,novel-generated,PFIZER_2021_10K,True
How much does Pfizer expect to pay to spin off Upjohn in the future in USD million?,Pfizer expects to incur costs of approximately $700 million in connection with separating Upjohn. [PFIZER_2020_10K_c151],77.78,5,1.0,1.0,1.0,0.3333333333333333,1.0,0.2,1.0,0.2,1.0,0.0,0.0,0.0411503240466117,1.0,0.4,0.5714285714285715,False,novel-generated,Pfizer_2023Q2_10Q,True
"For Pfizer, which geographic region had the biggest drop in Q22023 year over year revenues (on a percentage basis)?",Not enough information in the provided context.,Developed Rest of the World,5,0.0,0.0,0.0,0.0,0.0,0.0,0.0,0.0,0.0,0.1666666666666666,0.0,0.1521584838628769,0.0,0.0,0.0,False,novel-generated,Pfizer_2023Q2_10Q,True
"As of Q2'2023, is Pfizer spinning off any large business segments?","No. As of Q2 2023, Pfizer is not spinning off any large business segments; it announced an agreement to acquire Seagen in March 2023 [PFIZER_2023Q2_10Q_c28].","Yes, it's spinning off Upjohn.",5,0.0,0.0,0.0,0.0,0.0,0.0,0.0,0.0,0.0,0.1176470588235294,0.0,0.2495057135820388,0.0,0.4,0.0,False,novel-generated,Pfizer_2023Q2_10Q,True
Which debt securities are registered to trade on a national securities exchange under Ulta Beauty's name as of FY2023?,"None of the provided excerpts contain information about specific debt securities registered to trade on a national securities exchange under Ulta Beauty's name.

Not enough information in the provided context",There are none,5,0.0,0.0,1.0,0.6666666666666666,1.0,0.6,1.0,0.6,0.5,0.0588235294117647,0.0,0.1818504631519317,0.0,0.6,0.0,False,domain-relevant,ULTABEAUTY_2023_10K,True
What are major acquisitions that Ulta Beauty has done in FY2023 and FY2022?,Not enough information in the provided context.,Ulta Beauty did not make any acquisitions in FY2023 and FY2022.,5,0.0,0.0,0.0,0.0,0.0,0.0,0.0,0.0,0.0,0.2222222222222222,0.0,0.2227833271026611,0.0,0.0,0.0,False,domain-relevant,ULTABEAUTY_2023_10K,True
What drove the reduction in SG&A expense as a percent of net sales in FY2023?,"SG&A expenses as a percent of net sales decreased primarily due to lower marketing expenses and leverage of incentive compensation due to higher sales, partially offset by deleverage of corporate overhead due to strategic investments and deleverage of store payroll and benefits due to wage investments [ULTABEAUTY_2023Q4_EARNINGS_c6].","Lower marketing expenses and leverage of incentive compensation due to higher sales. The answer here assumes FY2023 refers to the 12 months ended on January 28, 2023 (although the company refers to this period as its fiscal 2022.",5,0.0,0.0,0.0,0.0,1.0,0.2,1.0,0.2,0.25,0.3146067415730337,0.0,0.3939858675003052,1.0,0.8,0.888888888888889,False,novel-generated,ULTABEAUTY_2023Q4_EARNINGS,True
What drove the increase in Ulta Beauty's merchandise inventories balance at end of FY2023?,Not enough information in the provided context.,"Increase in Merchandise inventories balance was driven by the opening of 47 new stores. The answer here assumes FY2023 refers to the 12 months ended on January 28, 2023 (although the company refers to this period as its fiscal 2022.",5,0.0,0.0,0.0,0.0,0.0,0.0,0.0,0.0,0.0,0.0851063829787234,0.0,0.0970608443021774,0.0,0.0,0.0,False,novel-generated,ULTABEAUTY_2023Q4_EARNINGS,True
What percent of Ulta Beauty's total spend on stock repurchases for FY 2023 occurred in Q4 of FY2023?,Not enough information in the provided context.,"36%. The answer here assumes FY2023 refers to the 12 months ended on January 28, 2023 (although the company refers to this period as its fiscal 2022.",5,1.0,1.0,1.0,0.3333333333333333,1.0,0.4,1.0,0.4,1.0,0.0588235294117647,0.0,0.1363390237092971,0.0,0.0,0.0,False,novel-generated,ULTABEAUTY_2023Q4_EARNINGS,True
Did Ulta Beauty's wages expense as a percent of net sales increase or decrease in FY2023?,Not enough information in the provided context.,"Wages expense as a percent of net sales increased in FY2023. The answer here assumes FY2023 refers to the 12 months ended on January 28, 2023 (although the company refers to this period as its fiscal 2022.",5,0.0,0.0,0.0,0.0,0.0,0.0,0.0,0.0,0.0,0.0909090909090909,0.0,0.0542133264243602,0.0,0.0,0.0,False,novel-generated,ULTABEAUTY_2023Q4_EARNINGS,True
"Among all of the derivative instruments that Verizon used to manage the exposure to fluctuations of foreign currencies exchange rates or interest rates, which one had the highest notional value in FY 2021?","Cross currency swaps had the highest notional value at $32,502 million in FY 2021 [VERIZON_2021_10K_c334].","Cross currency swaps. Its notional value was $32,502 million.",5,1.0,1.0,1.0,0.3333333333333333,1.0,0.2,1.0,0.2,1.0,0.5517241379310345,0.0,0.809303879737854,1.0,0.2,0.3333333333333333,False,novel-generated,VERIZON_2021_10K,True
"As of FY 2021, how much did Verizon expect to pay for its retirees in 2024?",Not enough information in the provided context.,"The estimated pension benefits were $1097 million, and the estimated health care and life insurance benefits were $862 million.",5,0.0,0.0,0.0,0.0,0.0,0.0,0.0,0.0,0.0,0.0769230769230769,0.0,0.1091163009405136,0.0,0.0,0.0,False,novel-generated,VERIZON_2021_10K,True
"Does Verizon have a reasonably healthy liquidity profile based on its quick ratio for FY 2022? If the quick ratio is not relevant to measure liquidity, please state that and explain why.","Not enough information in the provided context. The excerpts do not contain Verizon's quick ratio for FY 2022, nor do they provide the specific balance sheet line items (such as cash equivalents and current assets excluding inventory) required to calculate it. While one excerpt mentions a cash and cash equivalents balance of $2.6 billion as of December 31, 2022 [VERIZON_2022_10K_c142], the full data needed for the quick ratio is missing.",No. The quick ratio was approximately 0.54 for Verizon. It indicated that Verizon does not have a healthy liquidity profile.,5,0.0,0.0,0.0,0.0,0.0,0.0,0.0,0.0,0.0,0.125,0.0,0.5148169994354248,1.0,0.6,0.7499999999999999,False,domain-relevant,VERIZON_2022_10K,True
Is Verizon a capital intensive business based on FY 2022 data?,"Yes, Verizon is a capital intensive business based on FY 2022 data.

Verizon anticipated cash requirements for its 2022 capital program to be between $16.5 billion and $17.5 billion, with an additional expected $5.0 billion to $6.0 billion in capital expenditures related to C-Band [VERIZON_2021_10K_c138].","Yes. Verizon's capital intensity ratio was approximately 2.774729. This means that it took approximately $2.77 of assets to generate $1 of revenue and thus, Verizon can be considered capital intensive.",5,0.0,0.0,0.5,0.3333333333333333,0.5,0.2,0.5,0.2,0.25,0.1627906976744186,0.0,0.7983823418617249,1.0,0.0,0.0,False,domain-relevant,VERIZON_2022_10K,True
Has Verizon increased its debt on balance sheet between 2022 and the 2021 fiscal period?,"No, Verizon's total debt decreased from $150.9 billion at December 31, 2021, to approximately $148.6 billion (calculated as $150.9 billion minus the $2.3 billion increase in foreign denominated debt mentioned for 2022) at December 31, 2022. [VERIZON_2021_10K_c147] [VERIZON_2022_10K_c153]",No. Verizon's debt decreased by $229 million.,5,0.0,0.0,0.0,0.0,0.0,0.0,0.0,0.0,0.0,0.175438596491228,0.0,0.8511753678321838,1.0,0.6,0.7499999999999999,False,domain-relevant,VERIZON_2022_10K,True
What is FY2018 days payable outstanding (DPO) for Walmart? DPO is defined as: 365 * (average accounts payable between FY2017 and FY2018) / (FY2018 COGS + change in inventory between FY2017 and FY2018). Round your answer to two decimal places. Please base your judgments on the information provided primarily in the statement of financial position and the P&L statement.,Not enough information in the provided context.,42.69,5,0.0,0.0,0.0,0.0,0.0,0.0,0.0,0.0,0.0,0.0,0.0,0.1212256625294685,0.0,0.0,0.0,False,metrics-generated,WALMART_2018_10K,True
"Based on the information provided primarily in the statement of income, what is the FY2018 - FY2019 change in unadjusted operating income % margin for Walmart? Answer in units of percents and round to one decimal place.",Not enough information in the provided context.,0.2%,5,0.0,0.0,0.0,0.0,0.0,0.0,0.0,0.0,0.0,0.0,0.0,0.2039766013622284,0.0,0.0,0.0,False,metrics-generated,WALMART_2019_10K,True
What is the FY2018 - FY2020 3 year average unadjusted EBITDA % margin for Walmart? Define unadjusted EBITDA as unadjusted operating income + depreciation and amortization from the cash flow statement. Answer in units of percents and round to one decimal place. Calculate what was asked by utilizing the line items clearly shown in the P&L statement and the cash flow statement.,Not enough information in the provided context.,6.2%,5,0.0,0.0,0.0,0.0,0.0,0.0,0.0,0.0,0.0,0.0,0.0,0.1927649229764938,0.0,0.0,0.0,False,metrics-generated,WALMART_2020_10K,True
